line_number,req_name,res_name,res_order,res_type
0,14X4,4X4,0,1
0,AFR_101,AFR1,0,1
0,AFR_102,AFR1,0,1
0,AFR_103,AFR1,0,1
0,AFR_104,AFR1,0,1
0,AFR_105,AFR1,0,1
0,AFR_106,AFR1,0,1
0,AFR_107,AFR1,0,1
0,AFR_108,AFR1,0,1
0,AFR_109,AFR1,0,1
0,AFR_110,AFR1,0,1
0,AFR_161,AFR1,0,1
0,AFR_201,AFR1,0,1
0,AFR_202,AFR1,0,1
0,AFR_203,AFR1,0,1
0,AFR_204,AFR1,0,1
0,AFR_205,AFR1,0,1
0,AFR_206,AFR1,0,1
0,AFR_207,AFR1,0,1
0,AFR_208,AFR1,0,1
0,AFR_209,AFR1,0,1
0,AFR_210,AFR1,0,1
0,AFR_302,AFR1,0,1
0,AFR_303,AFR1,0,1
0,AFR_304,AFR1,0,1
0,AFR_401,AFR1,0,1
0,AFR_402,AFR1,0,1
0,AFR_403,AFR1,0,1
0,AFR_404,AFR1,0,1
0,AFR_405,AFR1,0,1
0,AFR_408,AFR1,0,1
0,AFR_409,AFR1,0,1
0,AFR_410,AFR1,0,1
0,AFR_411,AFR1,0,1
0,AFR_412,AFR1,0,1
0,AFR_413,AFR1,0,1
0,AFR_414,AFR1,0,1
0,AFR_415,AFR1,0,1
0,AFR_416,AFR1,0,1
0,AFR_417,AFR1,0,1
0,AFR_418,AFR1,0,1
0,AFR_419,AFR1,0,1
0,AFR_420,AFR1,0,1
0,AFR_421,AFR1,0,1
0,AFR_422,AFR1,0,1
0,AFR_423,AFR1,0,1
0,AFR_424,AFR1,0,1
0,AFR_425,AFR1,0,1
0,AFR_426,AFR1,0,1
0,AFR_427,AFR1,0,1
0,AFR_428,AFR1,0,1
0,AFR_429,AFR1,0,1
0,AFR_430,AFR1,0,1
0,AFR_431,AFR1,0,1
0,AFR_432,AFR1,0,1
0,AFR_433,AFR1,0,1
0,AFR_434,AFR1,0,1
0,AFR_435,AFR1,0,1
0,AFR_436,AFR1,0,1
0,AFR_437,AFR1,0,1
0,AFR_438,AFR1,0,1
0,AFR_439,AFR1,0,1
0,AFR_440,AFR1,0,1
0,AFR_441,AFR1,0,1
0,AFR_442,AFR1,0,1
0,AFR_444,AFR1,0,1
0,AFR_463,AFR1,0,1
0,AFR_464,AFR1,0,1
0,AFR_465,AFR1,0,1
0,AFR_466,AFR1,0,1
0,AFR_500,AFR1,0,1
0,AFR_501,AFR1,0,1
0,AFR_502,AFR1,0,1
0,AFR_504,AFR1,0,1
0,AFR_505,AFR1,0,1
0,AFR_506,AFR1,0,1
0,AFR_507,AFR1,0,1
0,AFR_508,AFR1,0,1
0,AFR_509,AFR1,0,1
0,AFR_510,AFR1,0,1
0,AFR_511,AFR1,0,1
0,AFR_512,AFR1,0,1
0,AFR_513,AFR1,0,1
0,AFR_514,AFR1,0,1
0,AFR_520,AFR1,0,1
0,AFR_521,AFR1,0,1
0,AFR_522,AFR1,0,1
0,AFR_523,AFR1,0,1
0,AFR_524,AFR1,0,1
0,AFR_525,AFR1,0,1
0,AFR_611,AFR1,0,1
0,AFR_615,AFR1,0,1
0,AFR_619,AFR1,0,1
0,AFR_623,AFR1,0,1
0,AFR_624,AFR1,0,1
0,AFR_635,AFR1,0,1
0,AFR_706,AFR1,0,1
0,AFR_710,AFR1,0,1
0,AFR_711,AFR1,0,1
0,AFR_720,AFR1,0,1
0,AFR_726,AFR1,0,1
0,AFR_730,AFR1,0,1
0,AFR_741,AFR1,0,1
0,AFR_821,AFR1,0,1
0,AFR_827,AFR1,0,1
0,AFR_829,AFR1,0,1
0,AFR_832,AFR1,0,1
0,AFR_842,AFR1,0,1
0,AFR_847,AFR1,0,1
0,AFR_858,AFR1,0,1
0,AFR1,AFR1,0,1
0,AFR2,AFR2,0,1
0,AFR2_101,AFR2,0,1
0,AFR2_102,AFR2,0,1
0,AFR2_103,AFR2,0,1
0,AFR2_104,AFR2,0,1
0,AFR2_105,AFR2,0,1
0,AFR2_106,AFR2,0,1
0,AFR2_107,AFR2,0,1
0,AFR2_108,AFR2,0,1
0,AFR2_109,AFR2,0,1
0,AFR2_110,AFR2,0,1
0,AFR2_161,AFR2,0,1
0,AFR2_201,AFR2,0,1
0,AFR2_202,AFR2,0,1
0,AFR2_203,AFR2,0,1
0,AFR2_204,AFR2,0,1
0,AFR2_205,AFR2,0,1
0,AFR2_206,AFR2,0,1
0,AFR2_207,AFR2,0,1
0,AFR2_208,AFR2,0,1
0,AFR2_209,AFR2,0,1
0,AFR2_210,AFR2,0,1
0,AFR2_302,AFR2,0,1
0,AFR2_303,AFR2,0,1
0,AFR2_304,AFR2,0,1
0,AFR2_401,AFR2,0,1
0,AFR2_402,AFR2,0,1
0,AFR2_403,AFR2,0,1
0,AFR2_404,AFR2,0,1
0,AFR2_405,AFR2,0,1
0,AFR2_408,AFR2,0,1
0,AFR2_409,AFR2,0,1
0,AFR2_410,AFR2,0,1
0,AFR2_411,AFR2,0,1
0,AFR2_412,AFR2,0,1
0,AFR2_413,AFR2,0,1
0,AFR2_414,AFR2,0,1
0,AFR2_415,AFR2,0,1
0,AFR2_416,AFR2,0,1
0,AFR2_417,AFR2,0,1
0,AFR2_418,AFR2,0,1
0,AFR2_419,AFR2,0,1
0,AFR2_420,AFR2,0,1
0,AFR2_421,AFR2,0,1
0,AFR2_422,AFR2,0,1
0,AFR2_423,AFR2,0,1
0,AFR2_424,AFR2,0,1
0,AFR2_425,AFR2,0,1
0,AFR2_426,AFR2,0,1
0,AFR2_427,AFR2,0,1
0,AFR2_428,AFR2,0,1
0,AFR2_429,AFR2,0,1
0,AFR2_430,AFR2,0,1
0,AFR2_431,AFR2,0,1
0,AFR2_432,AFR2,0,1
0,AFR2_433,AFR2,0,1
0,AFR2_434,AFR2,0,1
0,AFR2_435,AFR2,0,1
0,AFR2_436,AFR2,0,1
0,AFR2_437,AFR2,0,1
0,AFR2_438,AFR2,0,1
0,AFR2_439,AFR2,0,1
0,AFR2_440,AFR2,0,1
0,AFR2_441,AFR2,0,1
0,AFR2_442,AFR2,0,1
0,AFR2_444,AFR2,0,1
0,AFR2_463,AFR2,0,1
0,AFR2_464,AFR2,0,1
0,AFR2_465,AFR2,0,1
0,AFR2_466,AFR2,0,1
0,AFR2_500,AFR2,0,1
0,AFR2_501,AFR2,0,1
0,AFR2_502,AFR2,0,1
0,AFR2_504,AFR2,0,1
0,AFR2_505,AFR2,0,1
0,AFR2_506,AFR2,0,1
0,AFR2_507,AFR2,0,1
0,AFR2_508,AFR2,0,1
0,AFR2_509,AFR2,0,1
0,AFR2_510,AFR2,0,1
0,AFR2_511,AFR2,0,1
0,AFR2_512,AFR2,0,1
0,AFR2_513,AFR2,0,1
0,AFR2_514,AFR2,0,1
0,AFR2_520,AFR2,0,1
0,AFR2_521,AFR2,0,1
0,AFR2_522,AFR2,0,1
0,AFR2_523,AFR2,0,1
0,AFR2_524,AFR2,0,1
0,AFR2_525,AFR2,0,1
0,AFR2_611,AFR2,0,1
0,AFR2_615,AFR2,0,1
0,AFR2_619,AFR2,0,1
0,AFR2_623,AFR2,0,1
0,AFR2_624,AFR2,0,1
0,AFR2_635,AFR2,0,1
0,AFR2_706,AFR2,0,1
0,AFR2_710,AFR2,0,1
0,AFR2_711,AFR2,0,1
0,AFR2_720,AFR2,0,1
0,AFR2_726,AFR2,0,1
0,AFR2_730,AFR2,0,1
0,AFR2_741,AFR2,0,1
0,AFR2_821,AFR2,0,1
0,AFR2_827,AFR2,0,1
0,AFR2_829,AFR2,0,1
0,AFR2_832,AFR2,0,1
0,AFR2_842,AFR2,0,1
0,AFR2_847,AFR2,0,1
0,AFR2_858,AFR2,0,1
0,AFR3,AFR3,0,1
0,AFR3_101,AFR3,0,1
0,AFR3_102,AFR3,0,1
0,AFR3_103,AFR3,0,1
0,AFR3_104,AFR3,0,1
0,AFR3_105,AFR3,0,1
0,AFR3_106,AFR3,0,1
0,AFR3_107,AFR4,0,1
0,AFR3_108,AFR3,0,1
0,AFR3_109,AFR3,0,1
0,AFR3_110,AFR3,0,1
0,AFR3_161,AFR3,0,1
0,AFR3_201,AFR3,0,1
0,AFR3_202,AFR3,0,1
0,AFR3_203,AFR3,0,1
0,AFR3_204,AFR3,0,1
0,AFR3_205,AFR3,0,1
0,AFR3_206,AFR3,0,1
0,AFR3_207,AFR3,0,1
0,AFR3_208,AFR3,0,1
0,AFR3_209,AFR3,0,1
0,AFR3_210,AFR3,0,1
0,AFR3_302,AFR3,0,1
0,AFR3_303,AFR3,0,1
0,AFR3_304,AFR3,0,1
0,AFR3_401,AFR3,0,1
0,AFR3_402,AFR3,0,1
0,AFR3_403,AFR3,0,1
0,AFR3_404,AFR3,0,1
0,AFR3_405,AFR3,0,1
0,AFR3_408,AFR3,0,1
0,AFR3_409,AFR3,0,1
0,AFR3_410,AFR3,0,1
0,AFR3_411,AFR3,0,1
0,AFR3_412,AFR3,0,1
0,AFR3_413,AFR3,0,1
0,AFR3_414,AFR3,0,1
0,AFR3_415,AFR3,0,1
0,AFR3_416,AFR3,0,1
0,AFR3_417,AFR3,0,1
0,AFR3_418,AFR3,0,1
0,AFR3_419,AFR3,0,1
0,AFR3_420,AFR3,0,1
0,AFR3_421,AFR3,0,1
0,AFR3_422,AFR3,0,1
0,AFR3_423,AFR3,0,1
0,AFR3_424,AFR3,0,1
0,AFR3_425,AFR3,0,1
0,AFR3_426,AFR3,0,1
0,AFR3_427,AFR3,0,1
0,AFR3_428,AFR3,0,1
0,AFR3_429,AFR3,0,1
0,AFR3_430,AFR3,0,1
0,AFR3_431,AFR3,0,1
0,AFR3_432,AFR3,0,1
0,AFR3_433,AFR3,0,1
0,AFR3_434,AFR3,0,1
0,AFR3_435,AFR3,0,1
0,AFR3_436,AFR3,0,1
0,AFR3_437,AFR3,0,1
0,AFR3_438,AFR3,0,1
0,AFR3_439,AFR3,0,1
0,AFR3_440,AFR3,0,1
0,AFR3_441,AFR3,0,1
0,AFR3_442,AFR3,0,1
0,AFR3_444,AFR3,0,1
0,AFR3_463,AFR3,0,1
0,AFR3_464,AFR3,0,1
0,AFR3_465,AFR3,0,1
0,AFR3_466,AFR3,0,1
0,AFR3_500,AFR3,0,1
0,AFR3_501,AFR3,0,1
0,AFR3_502,AFR3,0,1
0,AFR3_504,AFR3,0,1
0,AFR3_505,AFR3,0,1
0,AFR3_506,AFR3,0,1
0,AFR3_507,AFR3,0,1
0,AFR3_508,AFR3,0,1
0,AFR3_509,AFR3,0,1
0,AFR3_510,AFR3,0,1
0,AFR3_511,AFR3,0,1
0,AFR3_512,AFR3,0,1
0,AFR3_513,AFR3,0,1
0,AFR3_514,AFR3,0,1
0,AFR3_520,AFR3,0,1
0,AFR3_521,AFR3,0,1
0,AFR3_522,AFR3,0,1
0,AFR3_524,AFR3,0,1
0,AFR3_525,AFR3,0,1
0,AFR3_611,AFR3,0,1
0,AFR3_615,AFR3,0,1
0,AFR3_619,AFR3,0,1
0,AFR3_623,AFR3,0,1
0,AFR3_624,AFR3,0,1
0,AFR3_706,AFR3,0,1
0,AFR3_710,AFR3,0,1
0,AFR3_711,AFR3,0,1
0,AFR3_720,AFR3,0,1
0,AFR3_726,AFR3,0,1
0,AFR3_730,AFR3,0,1
0,AFR3_741,AFR3,0,1
0,AFR3_821,AFR3,0,1
0,AFR3_829,AFR3,0,1
0,AFR3_832,AFR3,0,1
0,AFR3_842,AFR3,0,1
0,AFR3_847,AFR3,0,1
0,AFR3_858,AFR3,0,1
0,AFR4,AFR4,0,1
0,ALS_PROVIDER,M,0,2
0,ALS_SKILL,M,0,2
0,BLOOD,BLOOD,0,1
0,CAFS,CAFS,0,1
0,CHAINSAW,CHAIN SAW,0,1
0,CSU DUTY,CSU DUTY,0,1
0,IV,DUTY INV,0,1
0,K9DR,K9DR,0,2
0,K9DRUG,K9DR,0,2
0,K9PA,K9PA,0,2
0,K9PATROL,K9PA,0,2
0,OPS BC,OPS BC,0,1
0,OPS DC,OPS DC,0,1
0,OPS VC,OPS_VC,0,2
0,PD_CIT,CIT,0,2
0,PLOW EQUIPMENT,PLOW,0,1
0,RESCUE_509,AFR1,0,1
0,RSI,RSI,0,1
0,VENT,VENT,0,1
