event_type,description,agency,priority,auto_response,condition1,condition2,condition3,sub_tycod,sub_eng,advised_event,disp_req
ABIOHZF,BIOHAZARD EVENT,FIRE,1,T,ABIOHZ,ABIOHZ,ABIOHZ,default,,F,N
ACCIBF,CRASH WITH INJURY - BUS INVOLVED,FIRE,1,T,ACCIBF_COND1,ACCIBF_COND2/3,ACCIBF_COND2/3,default,,F,N
ACCIF,CRASH WITH INJURY,FIRE,1,T,ACCIF,ACCIF,ACCIF,default,,F,N
ACCIHF,CRASH WITH INJURY - HIT AND RUN,FIRE,1,T,ACCIHF,ACCIHF,ACCIHF,default,,F,N
ACCIMF,CRASH WITH INJURY - MEDIC REQUIRED,FIRE,1,T,ACCIMF,ACCIMF,ACCIMF,default,,F,N
ACCITF,CRASH WITH INJURY - POSSIBLE ENTRAPMENT,FIRE,1,T,ACCITF_COND1,ACCITF_COND2/3,ACCITF_COND2/3,default,,F,N
ACOD,ALARM: CARBON MONOXIDE,FIRE,4,T,ACOD,ACOD,ACOD,default,,F,N
ACOM,FIRE ALARM: COMMERCIAL,FIRE,3,T,ACOM,ACOM_COND2/3,ACOM_COND2/3,default,,F,N
AIRF,AIRCRAFT CRASH/EMERGENCY,FIRE,1,T,AIRF,AIRF,AIRF,default,,F,N
ALPHA,EMS LEVEL 1,FIRE,1,T,ALPHA,ALPHA,ALPHA,default,,F,N
AMED,FIRE ALARM: MEDICAL EMERGENCY,FIRE,2,T,AMED,AMED,AMED COND_3,default,,F,N
ARES,FIRE ALARM: RESIDENTIAL,FIRE,3,T,ARES,ARES,ARES,default,,F,N
ASLTWF,ASSAULT W/WEAPON,FIRE,1,T,AFR_ASLTWF,AFR_ASLTWF,AFR_ASLTWF,default,,F,N
BLAST,NOTIFICATION: BLASTING,FIRE,9,T,,,,default,,F,N
BLOODF,BLOOD FACTOR,FIRE,1,T,BLOODF,BLOODF,BLOODF,default,,F,N
BRAVO,EMS LEVEL 2,FIRE,2,T,BRAVO,BRAVO,BRAVO,default,,F,N
BURN,NOTIFICATION: CONTROLLED BURNING,FIRE,9,T,,,,default,,F,N
CAVEIN,CAVEIN OR BUILDING COLLAPSE,FIRE,1,T,CAVEIN COND_1/2,CAVEIN COND_1/2,CAVEIN COND_3,default,,F,N
CHARLIE,EMS LEVEL 3,FIRE,3,T,CHARLIE,CHARLIE COND_2/3,CHARLIE COND_2/3,default,,F,N
CLOSED,NOTIFICATION: STREET/ACCESS CLOSURE,FIRE,9,T,,,,default,,F,N
CPRF,CARDIAC ARREST - CPR IN PROGRESS,FIRE,1,T,AFR_CPRF,AFR_CPRF,AFR_CPRF,default,,F,N
CRADMIN,CRT ADMINISTRATIVE,FIRE,9,T,,,,default,,F,N
CRFALLS,CRT FALLS,FIRE,9,T,,,,default,,F,N
CRFOLLOW,CRT FOLLOW UP,FIRE,9,T,,,,default,,F,N
CRINV,CRT INVESTIGATION,FIRE,9,T,,,,default,,F,N
DPWESF,PUBLIC WORKS STANDBY,FIRE,9,T,,,,default,,F,N
DRILL,ADVISED: FIRE/EVAC/LOCKDOWN,FIRE,9,T,,,,default,,T,N
DROWNF,DROWNING,FIRE,1,T,AFR_DROWNF,AFR_DROWNF,AFR_DROWNF,default,,F,N
ECOD,CARBON MONOXIDE POISONING - ALS,FIRE,2,T,ECOD,ECOD,ECOD,default,,F,N
ELEV,ELEVATOR INCIDENT,FIRE,4,T,ELEV,ELEV COND_2/3,ELEV COND_2/3,default,,F,N
EMETROF,EMS EVENT ON METRO PROPERTY (NO TRAIN),FIRE,1,T,EMETROF COND_1,EMETROF COND_2/3,EMETROF COND_2/3,default,,F,N
ETRAINF,EMS EVENT ON RAILWAY PROPERTY (NO TRAIN),FIRE,1,T,ETRAINF,ETRAINF,ETRAINF,default,,F,N
EXPLOF,EXPLOSION: IN OR NEAR BUILDING,FIRE,1,T,EXPLOF COND_1,EXPLOF COND_2,EXPLOF COND_3,default,,F,N
FACCIF,CRASH WITH INJURY - ON FIRE,FIRE,1,T,FACCIF_COND_1,FACCIF_COND_2,FACCIF_COND_3,default,,F,N
FBLDG,FIRE: BUILDING,FIRE,1,T,FBLDG,FBLDG,FBLDG,default,,F,N
FBOATF,BOAT FIRE,FIRE,1,T,FBOAT_COND1,FBOAT_COND2/3,FBOAT_COND2/3,default,,F,N
FBULK,FIRE: PETROLEUM BULK STORAGE,FIRE,1,T,FBULK,FBULK,FBULK,default,,F,N
FDACCF,FD VEHICLE CRASH,FIRE,3,T,FDACCF COND_1/2,FDACCF COND_1/2,FDACCF COND_3,default,,F,N
FDACCIF,FD VEHICLE CRASH WITH INJURY,FIRE,1,T,FDACCIF,FDACCIF,FDACCIF,default,,F,N
FDACCIMF,FD VEHICLE CRASH WITH INJURY - MEDIC REQUIRED,FIRE,1,T,FDACCIMF,FDACCIMF,FDACCIMF,default,,F,N
FDACCITF,FD VEHICLE CRASH WITH INJURY - POSSIBLE ENTRAPMENT,FIRE,1,T,FDACCITF,FDACCITF,FDACCITF,default,,F,N
FDSIG1F,FIREFIGHTER IN IMMEDIATE DANGER (FD),FIRE,0,T,SIGNAL1F,SIGNAL1F,SIGNAL1F,default,,F,N
FGAPT,FIRE - GARDEN APARTMENT,FIRE,1,T,FGAPT,FGAPT,FGAPT,default,,F,N
FHIRIS,FIRE: HIGH RISE,FIRE,1,T,FHIRIS,FHIRIS,FHIRIS,default,,F,N
FHOSP,FIRE: HOSPITAL,FIRE,1,T,FHOSP,FHOSP,FHOSP,default,,F,N
FHOU,FIRE: HOUSE,FIRE,1,T,FHOU,FHOU,FHOU,default,,F,N
FJAILF,FIRE: JAIL,FIRE,1,T,FJAIL,FJAIL,FJAIL,default,,F,N
FLOOD,NOTIFCATION: FLOODED ROAD,FIRE,9,T,,,,default,,F,N
FLSLG,FLAM LIQUID SPILL LARGE >125 GAL,FIRE,1,T,FLSLG,FLSLG,FLSLG,default,,F,N
FLSSM,FLAM LIQUID SPILL SMALL <125 GAL,FIRE,1,T,FLSSM,FLSSM,FLSSM,default,,F,N
FMADMIN,FM ADMIN,FIRE,3,T,,,,default,,F,N
FMCOURT,FM COURT,FIRE,3,T,,,,default,,F,N
FMETROF,FIRE: ON METRO PROPERTY (NO TRAIN),FIRE,1,T,FMETROF,FMETROF,FMETROF,default,,F,N
FMFOLLOW,FM FOLLOW,FIRE,3,T,,,,default,,F,N
FMIDRIS,FIRE: MID RISE,FIRE,1,T,FMIDRIS,FMIDRIS,FMIDRIS,default,,F,N
FMINSPCT,FM INSPECTION ,FIRE,3,T,,,,default,,F,N
FMINVF,INVESTIGATION: FIRE UNIT,FIRE,3,T,,,,default,,F,N
FMMAGIST,FM MAGISTRATE,FIRE,3,T,,,,default,,F,N
FMSRVLNC,FM SURVEILLANCE,FIRE,3,T,,,,default,,F,N
FMTESTI,ADVISED: FM TEST IN,FIRE,9,T,,,,default,,T,N
FMTESTO,ADVISED: FM TEST OUT,FIRE,9,T,,,,default,,T,N
FMTRNG,FM TRAINING,FIRE,3,T,,,,default,,F,N
FNH,FIRE: NURSING HOME,FIRE,1,T,FNH,FNH,FNH,default,,F,N
FOUT,FIRE: OUTSIDE,FIRE,2,T,FOUT,FOUT,FOUT,default,,F,N
FTANKF,FIRE: PETROLEUM TANK TRUCK,FIRE,1,T,FTANKF,FTANKF,FTANKF,default,,F,N
FTH,FIRE: TOWNHOUSE,FIRE,1,T,FTH,FTH,FTH,default,,F,N
FTRAINF,FIRE: ON RAILWAY PROPERTY (NO TRAIN),FIRE,1,T,FTRAINF,FTRAINF,FTRAINF,default,,F,N
FTRKF,FIRE: TRUCK,FIRE,1,T,FTRKF_COND1,FTRKF_COND2,FTRKF_COND3,default,,F,N
FUMIG,NOTIFICATION: FUMIGATION IN PROGRESS,FIRE,9,T,,,,default,,F,N
FVEHF,FIRE: VEHICLE,FIRE,2,T,FVEHF_COND1/2,FVEHF_COND1/2,FVEHF_COND3,default,,F,N
GASIN,GAS LEAK: INSIDE,FIRE,2,T,GASIN_COND1,GASIN_COND2,GASIN_COND3,default,,F,N
GASOUT,GAS LEAK: OUTSIDE,FIRE,2,T,GASOUT_COND1/2,GASOUT_COND1/2,GASOUT_COND3,default,,F,N
GFRESCUE,GREAT FALLS PARK RESCUE,FIRE,1,T,GFRESCUE,GFRESCUE,GFRESCUE,default,,F,N
HAZCAR,HAZARDOUS CARGO IN TRANSIT,FIRE,9,T,,,,default,,F,N
HAZMAT,HAZARDOUS MATERIAL EMERGENCY,FIRE,1,T,HAZMAT_COND1,HAZMAT_COND2/3,HAZMAT_COND2/3,default,,F,N
HYDIN,NOTIFICATION: HYDRANT IN SERVICE,FIRE,9,T,,,,default,,F,N
HYDOUT,NOTIFICATION: HYDRANT OUT OF SERVICE,FIRE,9,T,,,,default,,F,N
INVF,INVESTIGATION: FIRE UNIT,FIRE,3,T,INVF,INVF,INVF,default,,F,N
LIFT,PUBLIC SERVICE: LIFT ASSIST,FIRE,4,T,LIFT,LIFT,LIFT,default,,F,N
LOCKF,PUBLIC SERVICE: LOCK OUT,FIRE,4,T,LOCKF,LOCKF,LOCKF,default,,F,N
MAIN,NOTIFICATION: WATER SYSTEM STATUS,FIRE,9,T,,,,default,,F,N
METROF,METRO TRAIN/RAIL EMERGENCY,FIRE,1,T,METROF,METROF,METROF,default,,F,N
MISCF,MISCELLANEOUS COMPLAINT - FIRE,FIRE,4,T,,,,default,,F,N
MUAID,MUTUAL AID EVENT,FIRE,2,T,,,,default,,F,N
MUAIDE,EMS: MUTUAL AID,FIRE,1,T,,,,default,,F,N
MUAIDF,FIRE: MUTUAL AID ,FIRE,1,T,,,,default,,F,N
MUTUAL,MUTUAL AID - TECH SUPPORT,FIRE,2,T,,,,default,,F,N
ODF,OVERDOSE - DRUG/ETOH/POISON,FIRE,1,T,AFR_ODF,AFR_ODF,AFR_ODF,default,,F,N
OSHA,ADVISED: OSHA NOTIFICATION,FIRE,9,T,,,,default,,T,N
PDSIG1F,OFFICER IN IMMEDIATE DANGER (FD),FIRE,0,T,SIGNAL1F,SIGNAL1F,SIGNAL1F,default,,F,N
PSERVF,PUBLIC SERVICE: FIRE,FIRE,4,T,PSERVF,PSERVF,PSERVF,default,,F,N
RESCUE,ABOVE/BELOW GRADE RESCUE,FIRE,1,T,RESCUE_COND1,RESCUE_COND2/3,RESCUE_COND2/3,default,,F,N
RICE,WATER RESCUE - FROZEN/COLD WATER,FIRE,1,T,RICE,RICE,RICE,default,,F,N
RIVERF,RIVER RESCUE ON LOWER POTOMAC,FIRE,1,T,RIVERF_COND1/2,RIVERF_COND1/2,RIVERF_COND3,default,,F,N
RSWIFT,SWIFT WATER RESCUE,FIRE,1,T,RSWIFT,RSWIFT_COND2,RSWIFT_COND3,default,,F,N
RTRAP,RESCUE OF PERSON TRAPPED/PINNED,FIRE,1,T,RTRAP_COND1/2,RTRAP_COND1/2,RTRAP_COND3,default,,F,N
RWATER,WATER RESCUE - LAKE OR POND,FIRE,1,T,RWATER_COND1,RWATER_COND2,RWATER_COND3,default,,F,N
SHOTF,ASSAULT W/WEAPON - SHOOTING,FIRE,1,T,AFR_SHOTF_COND1,AFR_SHOTF_COND2/3,AFR_SHOTF_COND2/3,default,,F,N
STABF,ASSAULT W/WEAPON - STABBING,FIRE,1,T,AFR_STABF_COND1,AFR_STABF_COND2/3,AFR_STABF_COND2/3,default,,F,N
STANDBYF,STANDBY,FIRE,3,T,STANDBYF,STANDBYF,STANDBYF,default,,F,N
STILALRM,STILL ALARM,FIRE,2,T,STILALRM,STILALRM_COND2,STILALRM_COND3,default,,F,N
STORMF,ADVISED: STORM ACTIVITY,FIRE,9,T,,,,default,,F,N
SUIAF,SUICIDE ATTEMPT,FIRE,1,T,AFR_SUIAF_COND1,AFR_SUIAF_COND2/3,AFR_SUIAF_COND2/3,default,,F,N
SYSIN,ADVISED: FIRE ALARM STATUS,FIRE,9,T,,,,default,,T,N
SYSOUT,ADVISED: FIRE ALARM STATUS,FIRE,9,T,,,,default,,T,N
TESTF,TEST EVENT - DO NOT RESPOND (FIRE),FIRE,9,T,ALPHA,ALPHA,ALPHA,default,,F,N
TESTF2,TEST: ANNUAL FJAIL TRAINING,FIRE,9,T,FJAIL,FJAIL,FJAIL,default,,F,N
TRAINF,TRAIN ACCIDENT OR FIRE,FIRE,1,T,TRAINF,TRAINF,TRAINF,default,,F,N
WIRES,WIRES DOWN/WIRES ARCING,FIRE,8,T,WIRES_COND1,WIRES_COND1,WIRES_COND1,default,,F,N
WMDINF,FIRE: WMD INVESTIGATION,FIRE,1,T,WMDINF_COND1/2,WMDINF_COND1/2,WMDINF_COND3,default,,F,N
