operational_condition,condition_name,event_type,description,response_plan_id,agency
1,Normal Operations,ABIOHZF,BIOHAZARD EVENT,ABIOHZ,FIRE
2,High Call Volume,ABIOHZF,BIOHAZARD EVENT,ABIOHZ,FIRE
3,>50% Unit Utilization,ABIOHZF,BIOHAZARD EVENT,ABIOHZ,FIRE
1,Normal Operations,ACCIBF,CRASH WITH INJURY - BUS INVOLVED,ACCIBF_COND1,FIRE
2,High Call Volume,ACCIBF,CRASH WITH INJURY - BUS INVOLVED,ACCIBF_COND2/3,FIRE
3,>50% Unit Utilization,ACCIBF,CRASH WITH INJURY - BUS INVOLVED,ACCIBF_COND2/3,FIRE
1,Normal Operations,ACCIF,CRASH WITH INJURY,ACCIF,FIRE
2,High Call Volume,ACCIF,CRASH WITH INJURY,ACCIF,FIRE
3,>50% Unit Utilization,ACCIF,CRASH WITH INJURY,ACCIF,FIRE
1,Normal Operations,ACCIHF,CRASH WITH INJURY - HIT AND RUN,ACCIHF,FIRE
2,High Call Volume,ACCIHF,CRASH WITH INJURY - HIT AND RUN,ACCIHF,FIRE
3,>50% Unit Utilization,ACCIHF,CRASH WITH INJURY - HIT AND RUN,ACCIHF,FIRE
1,Normal Operations,ACCIMF,CRASH WITH INJURY - MEDIC REQUIRED,ACCIMF,FIRE
2,High Call Volume,ACCIMF,CRASH WITH INJURY - MEDIC REQUIRED,ACCIMF,FIRE
3,>50% Unit Utilization,ACCIMF,CRASH WITH INJURY - MEDIC REQUIRED,ACCIMF,FIRE
1,Normal Operations,ACCITF,CRASH WITH INJURY - POSSIBLE ENTRAPMENT,ACCITF_COND1,FIRE
2,High Call Volume,ACCITF,CRASH WITH INJURY - POSSIBLE ENTRAPMENT,ACCITF_COND2/3,FIRE
3,>50% Unit Utilization,ACCITF,CRASH WITH INJURY - POSSIBLE ENTRAPMENT,ACCITF_COND2/3,FIRE
1,Normal Operations,ACOD,ALARM: CARBON MONOXIDE,ACOD,FIRE
2,High Call Volume,ACOD,ALARM: CARBON MONOXIDE,ACOD,FIRE
3,>50% Unit Utilization,ACOD,ALARM: CARBON MONOXIDE,ACOD,FIRE
1,Normal Operations,ACOM,FIRE ALARM: COMMERCIAL,ACOM,FIRE
2,High Call Volume,ACOM,FIRE ALARM: COMMERCIAL,ACOM_COND2/3,FIRE
3,>50% Unit Utilization,ACOM,FIRE ALARM: COMMERCIAL,ACOM_COND2/3,FIRE
1,Normal Operations,AIRF,AIRCRAFT CRASH/EMERGENCY,AIRF,FIRE
2,High Call Volume,AIRF,AIRCRAFT CRASH/EMERGENCY,AIRF,FIRE
3,>50% Unit Utilization,AIRF,AIRCRAFT CRASH/EMERGENCY,AIRF,FIRE
1,Normal Operations,ALPHA,EMS LEVEL 1,ALPHA,FIRE
2,High Call Volume,ALPHA,EMS LEVEL 1,ALPHA,FIRE
3,>50% Unit Utilization,ALPHA,EMS LEVEL 1,ALPHA,FIRE
1,Normal Operations,AMED,FIRE ALARM: MEDICAL EMERGENCY,AMED,FIRE
2,High Call Volume,AMED,FIRE ALARM: MEDICAL EMERGENCY,AMED,FIRE
3,>50% Unit Utilization,AMED,FIRE ALARM: MEDICAL EMERGENCY,AMED COND_3,FIRE
1,Normal Operations,ARES,FIRE ALARM: RESIDENTIAL,ARES,FIRE
2,High Call Volume,ARES,FIRE ALARM: RESIDENTIAL,ARES,FIRE
3,>50% Unit Utilization,ARES,FIRE ALARM: RESIDENTIAL,ARES,FIRE
1,Normal Operations,ASLTWF,ASSAULT W/WEAPON,AFR_ASLTWF,FIRE
2,High Call Volume,ASLTWF,ASSAULT W/WEAPON,AFR_ASLTWF,FIRE
3,>50% Unit Utilization,ASLTWF,ASSAULT W/WEAPON,AFR_ASLTWF,FIRE
1,Normal Operations,BLAST,NOTIFICATION: BLASTING,,FIRE
2,High Call Volume,BLAST,NOTIFICATION: BLASTING,,FIRE
3,>50% Unit Utilization,BLAST,NOTIFICATION: BLASTING,,FIRE
1,Normal Operations,BLOODF,BLOOD FACTOR,BLOODF,FIRE
2,High Call Volume,BLOODF,BLOOD FACTOR,BLOODF,FIRE
3,>50% Unit Utilization,BLOODF,BLOOD FACTOR,BLOODF,FIRE
1,Normal Operations,BRAVO,EMS LEVEL 2,BRAVO,FIRE
2,High Call Volume,BRAVO,EMS LEVEL 2,BRAVO,FIRE
3,>50% Unit Utilization,BRAVO,EMS LEVEL 2,BRAVO,FIRE
1,Normal Operations,BURN,NOTIFICATION: CONTROLLED BURNING,,FIRE
2,High Call Volume,BURN,NOTIFICATION: CONTROLLED BURNING,,FIRE
3,>50% Unit Utilization,BURN,NOTIFICATION: CONTROLLED BURNING,,FIRE
1,Normal Operations,CAVEIN,CAVEIN OR BUILDING COLLAPSE,CAVEIN COND_1/2,FIRE
2,High Call Volume,CAVEIN,CAVEIN OR BUILDING COLLAPSE,CAVEIN COND_1/2,FIRE
3,>50% Unit Utilization,CAVEIN,CAVEIN OR BUILDING COLLAPSE,CAVEIN COND_3,FIRE
1,Normal Operations,CHARLIE,EMS LEVEL 3,CHARLIE,FIRE
2,High Call Volume,CHARLIE,EMS LEVEL 3,CHARLIE COND_2/3,FIRE
3,>50% Unit Utilization,CHARLIE,EMS LEVEL 3,CHARLIE COND_2/3,FIRE
1,Normal Operations,CLOSED,NOTIFICATION: STREET/ACCESS CLOSURE,,FIRE
2,High Call Volume,CLOSED,NOTIFICATION: STREET/ACCESS CLOSURE,,FIRE
3,>50% Unit Utilization,CLOSED,NOTIFICATION: STREET/ACCESS CLOSURE,,FIRE
1,Normal Operations,CPRF,CARDIAC ARREST - CPR IN PROGRESS,AFR_CPRF,FIRE
2,High Call Volume,CPRF,CARDIAC ARREST - CPR IN PROGRESS,AFR_CPRF,FIRE
3,>50% Unit Utilization,CPRF,CARDIAC ARREST - CPR IN PROGRESS,AFR_CPRF,FIRE
1,Normal Operations,CRADMIN,CRT ADMINISTRATIVE,,FIRE
2,High Call Volume,CRADMIN,CRT ADMINISTRATIVE,,FIRE
3,>50% Unit Utilization,CRADMIN,CRT ADMINISTRATIVE,,FIRE
1,Normal Operations,CRFALLS,CRT FALLS,,FIRE
2,High Call Volume,CRFALLS,CRT FALLS,,FIRE
3,>50% Unit Utilization,CRFALLS,CRT FALLS,,FIRE
1,Normal Operations,CRFOLLOW,CRT FOLLOW UP,,FIRE
2,High Call Volume,CRFOLLOW,CRT FOLLOW UP,,FIRE
3,>50% Unit Utilization,CRFOLLOW,CRT FOLLOW UP,,FIRE
1,Normal Operations,CRINV,CRT INVESTIGATION,,FIRE
2,High Call Volume,CRINV,CRT INVESTIGATION,,FIRE
3,>50% Unit Utilization,CRINV,CRT INVESTIGATION,,FIRE
1,Normal Operations,DPWESF,PUBLIC WORKS STANDBY,,FIRE
2,High Call Volume,DPWESF,PUBLIC WORKS STANDBY,,FIRE
3,>50% Unit Utilization,DPWESF,PUBLIC WORKS STANDBY,,FIRE
1,Normal Operations,DRILL,ADVISED: FIRE/EVAC/LOCKDOWN,,FIRE
2,High Call Volume,DRILL,ADVISED: FIRE/EVAC/LOCKDOWN,,FIRE
3,>50% Unit Utilization,DRILL,ADVISED: FIRE/EVAC/LOCKDOWN,,FIRE
1,Normal Operations,DROWNF,DROWNING,AFR_DROWNF,FIRE
2,High Call Volume,DROWNF,DROWNING,AFR_DROWNF,FIRE
3,>50% Unit Utilization,DROWNF,DROWNING,AFR_DROWNF,FIRE
1,Normal Operations,ECOD,CARBON MONOXIDE POISONING - ALS,ECOD,FIRE
2,High Call Volume,ECOD,CARBON MONOXIDE POISONING - ALS,ECOD,FIRE
3,>50% Unit Utilization,ECOD,CARBON MONOXIDE POISONING - ALS,ECOD,FIRE
1,Normal Operations,ELEV,ELEVATOR INCIDENT,ELEV,FIRE
2,High Call Volume,ELEV,ELEVATOR INCIDENT,ELEV COND_2/3,FIRE
3,>50% Unit Utilization,ELEV,ELEVATOR INCIDENT,ELEV COND_2/3,FIRE
1,Normal Operations,EMETROF,EMS EVENT ON METRO PROPERTY (NO TRAIN),EMETROF COND_1,FIRE
2,High Call Volume,EMETROF,EMS EVENT ON METRO PROPERTY (NO TRAIN),EMETROF COND_2/3,FIRE
3,>50% Unit Utilization,EMETROF,EMS EVENT ON METRO PROPERTY (NO TRAIN),EMETROF COND_2/3,FIRE
1,Normal Operations,ETRAINF,EMS EVENT ON RAILWAY PROPERTY (NO TRAIN),ETRAINF,FIRE
2,High Call Volume,ETRAINF,EMS EVENT ON RAILWAY PROPERTY (NO TRAIN),ETRAINF,FIRE
3,>50% Unit Utilization,ETRAINF,EMS EVENT ON RAILWAY PROPERTY (NO TRAIN),ETRAINF,FIRE
1,Normal Operations,EXPLOF,EXPLOSION: IN OR NEAR BUILDING,EXPLOF COND_1,FIRE
2,High Call Volume,EXPLOF,EXPLOSION: IN OR NEAR BUILDING,EXPLOF COND_2,FIRE
3,>50% Unit Utilization,EXPLOF,EXPLOSION: IN OR NEAR BUILDING,EXPLOF COND_3,FIRE
1,Normal Operations,FACCIF,CRASH WITH INJURY - ON FIRE,FACCIF_COND_1,FIRE
2,High Call Volume,FACCIF,CRASH WITH INJURY - ON FIRE,FACCIF_COND_2,FIRE
3,>50% Unit Utilization,FACCIF,CRASH WITH INJURY - ON FIRE,FACCIF_COND_3,FIRE
1,Normal Operations,FBLDG,FIRE: BUILDING,FBLDG,FIRE
2,High Call Volume,FBLDG,FIRE: BUILDING,FBLDG,FIRE
3,>50% Unit Utilization,FBLDG,FIRE: BUILDING,FBLDG,FIRE
1,Normal Operations,FBOATF,BOAT FIRE,FBOAT_COND1,FIRE
2,High Call Volume,FBOATF,BOAT FIRE,FBOAT_COND2/3,FIRE
3,>50% Unit Utilization,FBOATF,BOAT FIRE,FBOAT_COND2/3,FIRE
1,Normal Operations,FBULK,FIRE: PETROLEUM BULK STORAGE,FBULK,FIRE
2,High Call Volume,FBULK,FIRE: PETROLEUM BULK STORAGE,FBULK,FIRE
3,>50% Unit Utilization,FBULK,FIRE: PETROLEUM BULK STORAGE,FBULK,FIRE
1,Normal Operations,FDACCF,FD VEHICLE CRASH,FDACCF COND_1/2,FIRE
2,High Call Volume,FDACCF,FD VEHICLE CRASH,FDACCF COND_1/2,FIRE
3,>50% Unit Utilization,FDACCF,FD VEHICLE CRASH,FDACCF COND_3,FIRE
1,Normal Operations,FDACCIF,FD VEHICLE CRASH WITH INJURY,FDACCIF,FIRE
2,High Call Volume,FDACCIF,FD VEHICLE CRASH WITH INJURY,FDACCIF,FIRE
3,>50% Unit Utilization,FDACCIF,FD VEHICLE CRASH WITH INJURY,FDACCIF,FIRE
1,Normal Operations,FDACCIMF,FD VEHICLE CRASH WITH INJURY - MEDIC REQUIRED,FDACCIMF,FIRE
2,High Call Volume,FDACCIMF,FD VEHICLE CRASH WITH INJURY - MEDIC REQUIRED,FDACCIMF,FIRE
3,>50% Unit Utilization,FDACCIMF,FD VEHICLE CRASH WITH INJURY - MEDIC REQUIRED,FDACCIMF,FIRE
1,Normal Operations,FDACCITF,FD VEHICLE CRASH WITH INJURY - POSSIBLE ENTRAPMENT,FDACCITF,FIRE
2,High Call Volume,FDACCITF,FD VEHICLE CRASH WITH INJURY - POSSIBLE ENTRAPMENT,FDACCITF,FIRE
3,>50% Unit Utilization,FDACCITF,FD VEHICLE CRASH WITH INJURY - POSSIBLE ENTRAPMENT,FDACCITF,FIRE
1,Normal Operations,FDSIG1F,FIREFIGHTER IN IMMEDIATE DANGER (FD),SIGNAL1F,FIRE
2,High Call Volume,FDSIG1F,FIREFIGHTER IN IMMEDIATE DANGER (FD),SIGNAL1F,FIRE
3,>50% Unit Utilization,FDSIG1F,FIREFIGHTER IN IMMEDIATE DANGER (FD),SIGNAL1F,FIRE
1,Normal Operations,FGAPT,FIRE - GARDEN APARTMENT,FGAPT,FIRE
2,High Call Volume,FGAPT,FIRE - GARDEN APARTMENT,FGAPT,FIRE
3,>50% Unit Utilization,FGAPT,FIRE - GARDEN APARTMENT,FGAPT,FIRE
1,Normal Operations,FHIRIS,FIRE: HIGH RISE,FHIRIS,FIRE
2,High Call Volume,FHIRIS,FIRE: HIGH RISE,FHIRIS,FIRE
3,>50% Unit Utilization,FHIRIS,FIRE: HIGH RISE,FHIRIS,FIRE
1,Normal Operations,FHOSP,FIRE: HOSPITAL,FHOSP,FIRE
2,High Call Volume,FHOSP,FIRE: HOSPITAL,FHOSP,FIRE
3,>50% Unit Utilization,FHOSP,FIRE: HOSPITAL,FHOSP,FIRE
1,Normal Operations,FHOU,FIRE: HOUSE,FHOU,FIRE
2,High Call Volume,FHOU,FIRE: HOUSE,FHOU,FIRE
3,>50% Unit Utilization,FHOU,FIRE: HOUSE,FHOU,FIRE
1,Normal Operations,FJAILF,FIRE: JAIL,FJAIL,FIRE
2,High Call Volume,FJAILF,FIRE: JAIL,FJAIL,FIRE
3,>50% Unit Utilization,FJAILF,FIRE: JAIL,FJAIL,FIRE
1,Normal Operations,FLOOD,NOTIFCATION: FLOODED ROAD,,FIRE
2,High Call Volume,FLOOD,NOTIFCATION: FLOODED ROAD,,FIRE
3,>50% Unit Utilization,FLOOD,NOTIFCATION: FLOODED ROAD,,FIRE
1,Normal Operations,FLSLG,FLAM LIQUID SPILL LARGE >125 GAL,FLSLG,FIRE
2,High Call Volume,FLSLG,FLAM LIQUID SPILL LARGE >125 GAL,FLSLG,FIRE
3,>50% Unit Utilization,FLSLG,FLAM LIQUID SPILL LARGE >125 GAL,FLSLG,FIRE
1,Normal Operations,FLSSM,FLAM LIQUID SPILL SMALL <125 GAL,FLSSM,FIRE
2,High Call Volume,FLSSM,FLAM LIQUID SPILL SMALL <125 GAL,FLSSM,FIRE
3,>50% Unit Utilization,FLSSM,FLAM LIQUID SPILL SMALL <125 GAL,FLSSM,FIRE
1,Normal Operations,FMADMIN,FM ADMIN,,FIRE
2,High Call Volume,FMADMIN,FM ADMIN,,FIRE
3,>50% Unit Utilization,FMADMIN,FM ADMIN,,FIRE
1,Normal Operations,FMCOURT,FM COURT,,FIRE
2,High Call Volume,FMCOURT,FM COURT,,FIRE
3,>50% Unit Utilization,FMCOURT,FM COURT,,FIRE
1,Normal Operations,FMETROF,FIRE: ON METRO PROPERTY (NO TRAIN),FMETROF,FIRE
2,High Call Volume,FMETROF,FIRE: ON METRO PROPERTY (NO TRAIN),FMETROF,FIRE
3,>50% Unit Utilization,FMETROF,FIRE: ON METRO PROPERTY (NO TRAIN),FMETROF,FIRE
1,Normal Operations,FMFOLLOW,FM FOLLOW,,FIRE
2,High Call Volume,FMFOLLOW,FM FOLLOW,,FIRE
3,>50% Unit Utilization,FMFOLLOW,FM FOLLOW,,FIRE
1,Normal Operations,FMIDRIS,FIRE: MID RISE,FMIDRIS,FIRE
2,High Call Volume,FMIDRIS,FIRE: MID RISE,FMIDRIS,FIRE
3,>50% Unit Utilization,FMIDRIS,FIRE: MID RISE,FMIDRIS,FIRE
1,Normal Operations,FMINSPCT,FM INSPECTION ,,FIRE
2,High Call Volume,FMINSPCT,FM INSPECTION ,,FIRE
3,>50% Unit Utilization,FMINSPCT,FM INSPECTION ,,FIRE
1,Normal Operations,FMINVF,INVESTIGATION: FIRE UNIT,,FIRE
2,High Call Volume,FMINVF,INVESTIGATION: FIRE UNIT,,FIRE
3,>50% Unit Utilization,FMINVF,INVESTIGATION: FIRE UNIT,,FIRE
1,Normal Operations,FMMAGIST,FM MAGISTRATE,,FIRE
2,High Call Volume,FMMAGIST,FM MAGISTRATE,,FIRE
3,>50% Unit Utilization,FMMAGIST,FM MAGISTRATE,,FIRE
1,Normal Operations,FMSRVLNC,FM SURVEILLANCE,,FIRE
2,High Call Volume,FMSRVLNC,FM SURVEILLANCE,,FIRE
3,>50% Unit Utilization,FMSRVLNC,FM SURVEILLANCE,,FIRE
1,Normal Operations,FMTESTI,ADVISED: FM TEST IN,,FIRE
2,High Call Volume,FMTESTI,ADVISED: FM TEST IN,,FIRE
3,>50% Unit Utilization,FMTESTI,ADVISED: FM TEST IN,,FIRE
1,Normal Operations,FMTESTO,ADVISED: FM TEST OUT,,FIRE
2,High Call Volume,FMTESTO,ADVISED: FM TEST OUT,,FIRE
3,>50% Unit Utilization,FMTESTO,ADVISED: FM TEST OUT,,FIRE
1,Normal Operations,FMTRNG,FM TRAINING,,FIRE
2,High Call Volume,FMTRNG,FM TRAINING,,FIRE
3,>50% Unit Utilization,FMTRNG,FM TRAINING,,FIRE
1,Normal Operations,FNH,FIRE: NURSING HOME,FNH,FIRE
2,High Call Volume,FNH,FIRE: NURSING HOME,FNH,FIRE
3,>50% Unit Utilization,FNH,FIRE: NURSING HOME,FNH,FIRE
1,Normal Operations,FOUT,FIRE: OUTSIDE,FOUT,FIRE
2,High Call Volume,FOUT,FIRE: OUTSIDE,FOUT,FIRE
3,>50% Unit Utilization,FOUT,FIRE: OUTSIDE,FOUT,FIRE
1,Normal Operations,FTANKF,FIRE: PETROLEUM TANK TRUCK,FTANKF,FIRE
2,High Call Volume,FTANKF,FIRE: PETROLEUM TANK TRUCK,FTANKF,FIRE
3,>50% Unit Utilization,FTANKF,FIRE: PETROLEUM TANK TRUCK,FTANKF,FIRE
1,Normal Operations,FTH,FIRE: TOWNHOUSE,FTH,FIRE
2,High Call Volume,FTH,FIRE: TOWNHOUSE,FTH,FIRE
3,>50% Unit Utilization,FTH,FIRE: TOWNHOUSE,FTH,FIRE
1,Normal Operations,FTRAINF,FIRE: ON RAILWAY PROPERTY (NO TRAIN),FTRAINF,FIRE
2,High Call Volume,FTRAINF,FIRE: ON RAILWAY PROPERTY (NO TRAIN),FTRAINF,FIRE
3,>50% Unit Utilization,FTRAINF,FIRE: ON RAILWAY PROPERTY (NO TRAIN),FTRAINF,FIRE
1,Normal Operations,FTRKF,FIRE: TRUCK,FTRKF_COND1,FIRE
2,High Call Volume,FTRKF,FIRE: TRUCK,FTRKF_COND2,FIRE
3,>50% Unit Utilization,FTRKF,FIRE: TRUCK,FTRKF_COND3,FIRE
1,Normal Operations,FUMIG,NOTIFICATION: FUMIGATION IN PROGRESS,,FIRE
2,High Call Volume,FUMIG,NOTIFICATION: FUMIGATION IN PROGRESS,,FIRE
3,>50% Unit Utilization,FUMIG,NOTIFICATION: FUMIGATION IN PROGRESS,,FIRE
1,Normal Operations,FVEHF,FIRE: VEHICLE,FVEHF_COND1/2,FIRE
2,High Call Volume,FVEHF,FIRE: VEHICLE,FVEHF_COND1/2,FIRE
3,>50% Unit Utilization,FVEHF,FIRE: VEHICLE,FVEHF_COND3,FIRE
1,Normal Operations,GASIN,GAS LEAK: INSIDE,GASIN_COND1,FIRE
2,High Call Volume,GASIN,GAS LEAK: INSIDE,GASIN_COND2,FIRE
3,>50% Unit Utilization,GASIN,GAS LEAK: INSIDE,GASIN_COND3,FIRE
1,Normal Operations,GASOUT,GAS LEAK: OUTSIDE,GASOUT_COND1/2,FIRE
2,High Call Volume,GASOUT,GAS LEAK: OUTSIDE,GASOUT_COND1/2,FIRE
3,>50% Unit Utilization,GASOUT,GAS LEAK: OUTSIDE,GASOUT_COND3,FIRE
1,Normal Operations,GFRESCUE,GREAT FALLS PARK RESCUE,GFRESCUE,FIRE
2,High Call Volume,GFRESCUE,GREAT FALLS PARK RESCUE,GFRESCUE,FIRE
3,>50% Unit Utilization,GFRESCUE,GREAT FALLS PARK RESCUE,GFRESCUE,FIRE
1,Normal Operations,HAZCAR,HAZARDOUS CARGO IN TRANSIT,,FIRE
2,High Call Volume,HAZCAR,HAZARDOUS CARGO IN TRANSIT,,FIRE
3,>50% Unit Utilization,HAZCAR,HAZARDOUS CARGO IN TRANSIT,,FIRE
1,Normal Operations,HAZMAT,HAZARDOUS MATERIAL EMERGENCY,HAZMAT_COND1,FIRE
2,High Call Volume,HAZMAT,HAZARDOUS MATERIAL EMERGENCY,HAZMAT_COND2/3,FIRE
3,>50% Unit Utilization,HAZMAT,HAZARDOUS MATERIAL EMERGENCY,HAZMAT_COND2/3,FIRE
1,Normal Operations,HYDIN,NOTIFICATION: HYDRANT IN SERVICE,,FIRE
2,High Call Volume,HYDIN,NOTIFICATION: HYDRANT IN SERVICE,,FIRE
3,>50% Unit Utilization,HYDIN,NOTIFICATION: HYDRANT IN SERVICE,,FIRE
1,Normal Operations,HYDOUT,NOTIFICATION: HYDRANT OUT OF SERVICE,,FIRE
2,High Call Volume,HYDOUT,NOTIFICATION: HYDRANT OUT OF SERVICE,,FIRE
3,>50% Unit Utilization,HYDOUT,NOTIFICATION: HYDRANT OUT OF SERVICE,,FIRE
1,Normal Operations,INVF,INVESTIGATION: FIRE UNIT,INVF,FIRE
2,High Call Volume,INVF,INVESTIGATION: FIRE UNIT,INVF,FIRE
3,>50% Unit Utilization,INVF,INVESTIGATION: FIRE UNIT,INVF,FIRE
1,Normal Operations,LIFT,PUBLIC SERVICE: LIFT ASSIST,LIFT,FIRE
2,High Call Volume,LIFT,PUBLIC SERVICE: LIFT ASSIST,LIFT,FIRE
3,>50% Unit Utilization,LIFT,PUBLIC SERVICE: LIFT ASSIST,LIFT,FIRE
1,Normal Operations,LOCKF,PUBLIC SERVICE: LOCK OUT,LOCKF,FIRE
2,High Call Volume,LOCKF,PUBLIC SERVICE: LOCK OUT,LOCKF,FIRE
3,>50% Unit Utilization,LOCKF,PUBLIC SERVICE: LOCK OUT,LOCKF,FIRE
1,Normal Operations,MAIN,NOTIFICATION: WATER SYSTEM STATUS,,FIRE
2,High Call Volume,MAIN,NOTIFICATION: WATER SYSTEM STATUS,,FIRE
3,>50% Unit Utilization,MAIN,NOTIFICATION: WATER SYSTEM STATUS,,FIRE
1,Normal Operations,METROF,METRO TRAIN/RAIL EMERGENCY,METROF,FIRE
2,High Call Volume,METROF,METRO TRAIN/RAIL EMERGENCY,METROF,FIRE
3,>50% Unit Utilization,METROF,METRO TRAIN/RAIL EMERGENCY,METROF,FIRE
1,Normal Operations,MISCF,MISCELLANEOUS COMPLAINT - FIRE,,FIRE
2,High Call Volume,MISCF,MISCELLANEOUS COMPLAINT - FIRE,,FIRE
3,>50% Unit Utilization,MISCF,MISCELLANEOUS COMPLAINT - FIRE,,FIRE
1,Normal Operations,MUAID,MUTUAL AID EVENT,,FIRE
2,High Call Volume,MUAID,MUTUAL AID EVENT,,FIRE
3,>50% Unit Utilization,MUAID,MUTUAL AID EVENT,,FIRE
1,Normal Operations,MUAIDE,EMS: MUTUAL AID,,FIRE
2,High Call Volume,MUAIDE,EMS: MUTUAL AID,,FIRE
3,>50% Unit Utilization,MUAIDE,EMS: MUTUAL AID,,FIRE
1,Normal Operations,MUAIDF,FIRE: MUTUAL AID ,,FIRE
2,High Call Volume,MUAIDF,FIRE: MUTUAL AID ,,FIRE
3,>50% Unit Utilization,MUAIDF,FIRE: MUTUAL AID ,,FIRE
1,Normal Operations,MUTUAL,MUTUAL AID - TECH SUPPORT,,FIRE
2,High Call Volume,MUTUAL,MUTUAL AID - TECH SUPPORT,,FIRE
3,>50% Unit Utilization,MUTUAL,MUTUAL AID - TECH SUPPORT,,FIRE
1,Normal Operations,ODF,OVERDOSE - DRUG/ETOH/POISON,AFR_ODF,FIRE
2,High Call Volume,ODF,OVERDOSE - DRUG/ETOH/POISON,AFR_ODF,FIRE
3,>50% Unit Utilization,ODF,OVERDOSE - DRUG/ETOH/POISON,AFR_ODF,FIRE
1,Normal Operations,OSHA,ADVISED: OSHA NOTIFICATION,,FIRE
2,High Call Volume,OSHA,ADVISED: OSHA NOTIFICATION,,FIRE
3,>50% Unit Utilization,OSHA,ADVISED: OSHA NOTIFICATION,,FIRE
1,Normal Operations,PDSIG1F,OFFICER IN IMMEDIATE DANGER (FD),SIGNAL1F,FIRE
2,High Call Volume,PDSIG1F,OFFICER IN IMMEDIATE DANGER (FD),SIGNAL1F,FIRE
3,>50% Unit Utilization,PDSIG1F,OFFICER IN IMMEDIATE DANGER (FD),SIGNAL1F,FIRE
1,Normal Operations,PSERVF,PUBLIC SERVICE: FIRE,PSERVF,FIRE
2,High Call Volume,PSERVF,PUBLIC SERVICE: FIRE,PSERVF,FIRE
3,>50% Unit Utilization,PSERVF,PUBLIC SERVICE: FIRE,PSERVF,FIRE
1,Normal Operations,RESCUE,ABOVE/BELOW GRADE RESCUE,RESCUE_COND1,FIRE
2,High Call Volume,RESCUE,ABOVE/BELOW GRADE RESCUE,RESCUE_COND2/3,FIRE
3,>50% Unit Utilization,RESCUE,ABOVE/BELOW GRADE RESCUE,RESCUE_COND2/3,FIRE
1,Normal Operations,RICE,WATER RESCUE - FROZEN/COLD WATER,RICE,FIRE
2,High Call Volume,RICE,WATER RESCUE - FROZEN/COLD WATER,RICE,FIRE
3,>50% Unit Utilization,RICE,WATER RESCUE - FROZEN/COLD WATER,RICE,FIRE
1,Normal Operations,RIVERF,RIVER RESCUE ON LOWER POTOMAC,RIVERF_COND1/2,FIRE
2,High Call Volume,RIVERF,RIVER RESCUE ON LOWER POTOMAC,RIVERF_COND1/2,FIRE
3,>50% Unit Utilization,RIVERF,RIVER RESCUE ON LOWER POTOMAC,RIVERF_COND3,FIRE
1,Normal Operations,RSWIFT,SWIFT WATER RESCUE,RSWIFT,FIRE
2,High Call Volume,RSWIFT,SWIFT WATER RESCUE,RSWIFT_COND2,FIRE
3,>50% Unit Utilization,RSWIFT,SWIFT WATER RESCUE,RSWIFT_COND3,FIRE
1,Normal Operations,RTRAP,RESCUE OF PERSON TRAPPED/PINNED,RTRAP_COND1/2,FIRE
2,High Call Volume,RTRAP,RESCUE OF PERSON TRAPPED/PINNED,RTRAP_COND1/2,FIRE
3,>50% Unit Utilization,RTRAP,RESCUE OF PERSON TRAPPED/PINNED,RTRAP_COND3,FIRE
1,Normal Operations,RWATER,WATER RESCUE - LAKE OR POND,RWATER_COND1,FIRE
2,High Call Volume,RWATER,WATER RESCUE - LAKE OR POND,RWATER_COND2,FIRE
3,>50% Unit Utilization,RWATER,WATER RESCUE - LAKE OR POND,RWATER_COND3,FIRE
1,Normal Operations,SHOTF,ASSAULT W/WEAPON - SHOOTING,AFR_SHOTF_COND1,FIRE
2,High Call Volume,SHOTF,ASSAULT W/WEAPON - SHOOTING,AFR_SHOTF_COND2/3,FIRE
3,>50% Unit Utilization,SHOTF,ASSAULT W/WEAPON - SHOOTING,AFR_SHOTF_COND2/3,FIRE
1,Normal Operations,STABF,ASSAULT W/WEAPON - STABBING,AFR_STABF_COND1,FIRE
2,High Call Volume,STABF,ASSAULT W/WEAPON - STABBING,AFR_STABF_COND2/3,FIRE
3,>50% Unit Utilization,STABF,ASSAULT W/WEAPON - STABBING,AFR_STABF_COND2/3,FIRE
1,Normal Operations,STANDBYF,STANDBY,STANDBYF,FIRE
2,High Call Volume,STANDBYF,STANDBY,STANDBYF,FIRE
3,>50% Unit Utilization,STANDBYF,STANDBY,STANDBYF,FIRE
1,Normal Operations,STILALRM,STILL ALARM,STILALRM,FIRE
2,High Call Volume,STILALRM,STILL ALARM,STILALRM_COND2,FIRE
3,>50% Unit Utilization,STILALRM,STILL ALARM,STILALRM_COND3,FIRE
1,Normal Operations,STORMF,ADVISED: STORM ACTIVITY,,FIRE
2,High Call Volume,STORMF,ADVISED: STORM ACTIVITY,,FIRE
3,>50% Unit Utilization,STORMF,ADVISED: STORM ACTIVITY,,FIRE
1,Normal Operations,SUIAF,SUICIDE ATTEMPT,AFR_SUIAF_COND1,FIRE
2,High Call Volume,SUIAF,SUICIDE ATTEMPT,AFR_SUIAF_COND2/3,FIRE
3,>50% Unit Utilization,SUIAF,SUICIDE ATTEMPT,AFR_SUIAF_COND2/3,FIRE
1,Normal Operations,SYSIN,ADVISED: FIRE ALARM STATUS,,FIRE
2,High Call Volume,SYSIN,ADVISED: FIRE ALARM STATUS,,FIRE
3,>50% Unit Utilization,SYSIN,ADVISED: FIRE ALARM STATUS,,FIRE
1,Normal Operations,SYSOUT,ADVISED: FIRE ALARM STATUS,,FIRE
2,High Call Volume,SYSOUT,ADVISED: FIRE ALARM STATUS,,FIRE
3,>50% Unit Utilization,SYSOUT,ADVISED: FIRE ALARM STATUS,,FIRE
1,Normal Operations,TESTF,TEST EVENT - DO NOT RESPOND (FIRE),ALPHA,FIRE
2,High Call Volume,TESTF,TEST EVENT - DO NOT RESPOND (FIRE),ALPHA,FIRE
3,>50% Unit Utilization,TESTF,TEST EVENT - DO NOT RESPOND (FIRE),ALPHA,FIRE
1,Normal Operations,TESTF2,TEST: ANNUAL FJAIL TRAINING,FJAIL,FIRE
2,High Call Volume,TESTF2,TEST: ANNUAL FJAIL TRAINING,FJAIL,FIRE
3,>50% Unit Utilization,TESTF2,TEST: ANNUAL FJAIL TRAINING,FJAIL,FIRE
1,Normal Operations,TRAINF,TRAIN ACCIDENT OR FIRE,TRAINF,FIRE
2,High Call Volume,TRAINF,TRAIN ACCIDENT OR FIRE,TRAINF,FIRE
3,>50% Unit Utilization,TRAINF,TRAIN ACCIDENT OR FIRE,TRAINF,FIRE
1,Normal Operations,WIRES,WIRES DOWN/WIRES ARCING,WIRES_COND1,FIRE
2,High Call Volume,WIRES,WIRES DOWN/WIRES ARCING,WIRES_COND1,FIRE
3,>50% Unit Utilization,WIRES,WIRES DOWN/WIRES ARCING,WIRES_COND1,FIRE
1,Normal Operations,WMDINF,FIRE: WMD INVESTIGATION,WMDINF_COND1/2,FIRE
2,High Call Volume,WMDINF,FIRE: WMD INVESTIGATION,WMDINF_COND1/2,FIRE
3,>50% Unit Utilization,WMDINF,FIRE: WMD INVESTIGATION,WMDINF_COND3,FIRE
