agency,event_type,event_description,alarm_level,response_plan,pager_id,instructions,source
FIRE,EXPLOF,EXPLOSION: IN OR NEAR BUILDING,2,2ND_ALARM,,,CADDBM screenshots supplied 2026-09-30
FIRE,FBLDG,FIRE: BUILDING,2,2ND_ALARM,2ND_ALARM,,CADDBM screenshots supplied 2026-09-30
FIRE,FBULK,FIRE: PETROLEUM BULK STORAGE,2,2ND_ALARM_PLUS,2ND_ALARM,,CADDBM screenshots supplied 2026-09-30
FIRE,FGAPT,FIRE - GARDEN APARTMENT,2,2ND_ALARM,2ND_ALARM,,CADDBM screenshots supplied 2026-09-30
FIRE,FHIRIS,FIRE: HIGH RISE,2,2ND_ALARM,2ND_ALARM,,CADDBM screenshots supplied 2026-09-30
FIRE,FHOSP,FIRE: HOSPITAL,2,2ND_ALARM,2ND_ALARM,,CADDBM screenshots supplied 2026-09-30
FIRE,FHOU,FIRE: HOUSE,2,2ND_ALARM_FHOU,2ND_ALARM,,CADDBM screenshots supplied 2026-09-30
FIRE,FJAILF,FIRE: JAIL,2,2ND_ALARM,2ND_ALARM,,CADDBM screenshots supplied 2026-09-30
FIRE,FMIDRIS,FIRE: MID RISE,2,2ND_ALARM,2ND_ALARM,,CADDBM screenshots supplied 2026-09-30
FIRE,FNH,FIRE: NURSING HOME,2,2ND_ALARM,2ND_ALARM,,CADDBM screenshots supplied 2026-09-30
FIRE,FTH,FIRE: TOWNHOUSE,2,2ND_ALARM,2ND_ALARM,,CADDBM screenshots supplied 2026-09-30
FIRE,EXPLOF,EXPLOSION: IN OR NEAR BUILDING,3,3RD_ALARM,,,CADDBM screenshots supplied 2026-09-30
FIRE,FBLDG,FIRE: BUILDING,3,3RD_ALARM,3RD_ALARM,,CADDBM screenshots supplied 2026-09-30
FIRE,FBULK,FIRE: PETROLEUM BULK STORAGE,3,3RD_ALARM_PLUS,3RD_ALARM,,CADDBM screenshots supplied 2026-09-30
FIRE,FGAPT,FIRE - GARDEN APARTMENT,3,3RD_ALARM,3RD_ALARM,,CADDBM screenshots supplied 2026-09-30
FIRE,FHIRIS,FIRE: HIGH RISE,3,3RD_ALARM,3RD_ALARM,,CADDBM screenshots supplied 2026-09-30
FIRE,FHOSP,FIRE: HOSPITAL,3,3RD_ALARM,3RD_ALARM,,CADDBM screenshots supplied 2026-09-30
FIRE,FHOU,FIRE: HOUSE,3,3RD_ALARM_FHOU,3RD_ALARM,,CADDBM screenshots supplied 2026-09-30
FIRE,FJAILF,FIRE: JAIL,3,3RD_ALARM,3RD_ALARM,,CADDBM screenshots supplied 2026-09-30
FIRE,FMIDRIS,FIRE: MID RISE,3,3RD_ALARM,3RD_ALARM,,CADDBM screenshots supplied 2026-09-30
FIRE,FNH,FIRE: NURSING HOME,3,3RD_ALARM,3RD_ALARM,,CADDBM screenshots supplied 2026-09-30
FIRE,FTH,FIRE: TOWNHOUSE,3,3RD_ALARM,3RD_ALARM,,CADDBM screenshots supplied 2026-09-30
FIRE,EXPLOF,EXPLOSION: IN OR NEAR BUILDING,4,4TH_ALARM_PLUS,,,CADDBM screenshots supplied 2026-09-30
FIRE,FBLDG,FIRE: BUILDING,4,4TH_ALARM_PLUS,,,CADDBM screenshots supplied 2026-09-30
FIRE,FBULK,FIRE: PETROLEUM BULK STORAGE,4,4TH_ALARM_PLUS,,,CADDBM screenshots supplied 2026-09-30
FIRE,FGAPT,FIRE - GARDEN APARTMENT,4,4TH_ALARM_PLUS,,,CADDBM screenshots supplied 2026-09-30
FIRE,FHIRIS,FIRE: HIGH RISE,4,4TH_ALARM_PLUS,,,CADDBM screenshots supplied 2026-09-30
FIRE,FHOSP,FIRE: HOSPITAL,4,4TH_ALARM_PLUS,,,CADDBM screenshots supplied 2026-09-30
FIRE,FHOU,FIRE: HOUSE,4,4TH_ALARM_PLUS,,,CADDBM screenshots supplied 2026-09-30
FIRE,FJAILF,FIRE: JAIL,4,4TH_ALARM_PLUS,,,CADDBM screenshots supplied 2026-09-30
FIRE,FMIDRIS,FIRE: MID RISE,4,4TH_ALARM_PLUS,,,CADDBM screenshots supplied 2026-09-30
FIRE,FNH,FIRE: NURSING HOME,4,4TH_ALARM_PLUS,,,CADDBM screenshots supplied 2026-09-30
FIRE,FTH,FIRE: TOWNHOUSE,4,4TH_ALARM_PLUS,,,CADDBM screenshots supplied 2026-09-30
FIRE,FBLDG,FIRE: BUILDING,5,4TH_ALARM_PLUS,,,CADDBM screenshots supplied 2026-09-30
FIRE,FBULK,FIRE: PETROLEUM BULK STORAGE,5,4TH_ALARM_PLUS,,,CADDBM screenshots supplied 2026-09-30
FIRE,FGAPT,FIRE - GARDEN APARTMENT,5,4TH_ALARM_PLUS,,,CADDBM screenshots supplied 2026-09-30
FIRE,FHIRIS,FIRE: HIGH RISE,5,4TH_ALARM_PLUS,,,CADDBM screenshots supplied 2026-09-30
FIRE,FHOSP,FIRE: HOSPITAL,5,4TH_ALARM_PLUS,,,CADDBM screenshots supplied 2026-09-30
FIRE,FHOU,FIRE: HOUSE,5,4TH_ALARM_PLUS,,,CADDBM screenshots supplied 2026-09-30
FIRE,FJAILF,FIRE: JAIL,5,4TH_ALARM_PLUS,,,CADDBM screenshots supplied 2026-09-30
FIRE,FMIDRIS,FIRE: MID RISE,5,4TH_ALARM_PLUS,,,CADDBM screenshots supplied 2026-09-30
FIRE,FNH,FIRE: NURSING HOME,5,4TH_ALARM_PLUS,,,CADDBM screenshots supplied 2026-09-30
FIRE,FTH,FIRE: TOWNHOUSE,5,4TH_ALARM_PLUS,,,CADDBM screenshots supplied 2026-09-30
FIRE,FBLDG,FIRE: BUILDING,6,4TH_ALARM_PLUS,,,CADDBM screenshots supplied 2026-09-30
FIRE,FBULK,FIRE: PETROLEUM BULK STORAGE,6,4TH_ALARM_PLUS,,,CADDBM screenshots supplied 2026-09-30
FIRE,FGAPT,FIRE - GARDEN APARTMENT,6,4TH_ALARM_PLUS,,,CADDBM screenshots supplied 2026-09-30
FIRE,FHIRIS,FIRE: HIGH RISE,6,4TH_ALARM_PLUS,,,CADDBM screenshots supplied 2026-09-30
FIRE,FHOSP,FIRE: HOSPITAL,6,4TH_ALARM_PLUS,,,CADDBM screenshots supplied 2026-09-30
FIRE,FHOU,FIRE: HOUSE,6,4TH_ALARM_PLUS,,,CADDBM screenshots supplied 2026-09-30
FIRE,FJAILF,FIRE: JAIL,6,4TH_ALARM_PLUS,,,CADDBM screenshots supplied 2026-09-30
FIRE,FMIDRIS,FIRE: MID RISE,6,4TH_ALARM_PLUS,,,CADDBM screenshots supplied 2026-09-30
FIRE,FNH,FIRE: NURSING HOME,6,4TH_ALARM_PLUS,,,CADDBM screenshots supplied 2026-09-30
FIRE,FTH,FIRE: TOWNHOUSE,6,4TH_ALARM_PLUS,,,CADDBM screenshots supplied 2026-09-30
FIRE,FBLDG,FIRE: BUILDING,7,4TH_ALARM_PLUS,,,CADDBM screenshots supplied 2026-09-30
FIRE,FBULK,FIRE: PETROLEUM BULK STORAGE,7,4TH_ALARM_PLUS,,,CADDBM screenshots supplied 2026-09-30
FIRE,FGAPT,FIRE - GARDEN APARTMENT,7,4TH_ALARM_PLUS,,,CADDBM screenshots supplied 2026-09-30
FIRE,FHIRIS,FIRE: HIGH RISE,7,4TH_ALARM_PLUS,,,CADDBM screenshots supplied 2026-09-30
FIRE,FHOSP,FIRE: HOSPITAL,7,4TH_ALARM_PLUS,,,CADDBM screenshots supplied 2026-09-30
FIRE,FHOU,FIRE: HOUSE,7,4TH_ALARM_PLUS,,,CADDBM screenshots supplied 2026-09-30
FIRE,FJAILF,FIRE: JAIL,7,4TH_ALARM_PLUS,,,CADDBM screenshots supplied 2026-09-30
FIRE,FMIDRIS,FIRE: MID RISE,7,4TH_ALARM_PLUS,,,CADDBM screenshots supplied 2026-09-30
FIRE,FNH,FIRE: NURSING HOME,7,4TH_ALARM_PLUS,,,CADDBM screenshots supplied 2026-09-30
FIRE,FTH,FIRE: TOWNHOUSE,7,4TH_ALARM_PLUS,,,CADDBM screenshots supplied 2026-09-30
FIRE,FBLDG,FIRE: BUILDING,8,4TH_ALARM_PLUS,,,CADDBM screenshots supplied 2026-09-30
FIRE,FBULK,FIRE: PETROLEUM BULK STORAGE,8,4TH_ALARM_PLUS,,,CADDBM screenshots supplied 2026-09-30
FIRE,FGAPT,FIRE - GARDEN APARTMENT,8,4TH_ALARM_PLUS,,,CADDBM screenshots supplied 2026-09-30
FIRE,FHIRIS,FIRE: HIGH RISE,8,4TH_ALARM_PLUS,,,CADDBM screenshots supplied 2026-09-30
FIRE,FHOSP,FIRE: HOSPITAL,8,4TH_ALARM_PLUS,,,CADDBM screenshots supplied 2026-09-30
FIRE,FHOU,FIRE: HOUSE,8,4TH_ALARM_PLUS,,,CADDBM screenshots supplied 2026-09-30
FIRE,FJAILF,FIRE: JAIL,8,4TH_ALARM_PLUS,,,CADDBM screenshots supplied 2026-09-30
FIRE,FMIDRIS,FIRE: MID RISE,8,4TH_ALARM_PLUS,,,CADDBM screenshots supplied 2026-09-30
FIRE,FNH,FIRE: NURSING HOME,8,4TH_ALARM_PLUS,,,CADDBM screenshots supplied 2026-09-30
FIRE,FTH,FIRE: TOWNHOUSE,8,4TH_ALARM_PLUS,,,CADDBM screenshots supplied 2026-09-30
FIRE,FBLDG,FIRE: BUILDING,9,4TH_ALARM_PLUS,,,CADDBM screenshots supplied 2026-09-30
FIRE,FBULK,FIRE: PETROLEUM BULK STORAGE,9,4TH_ALARM_PLUS,,,CADDBM screenshots supplied 2026-09-30
FIRE,FGAPT,FIRE - GARDEN APARTMENT,9,4TH_ALARM_PLUS,,,CADDBM screenshots supplied 2026-09-30
FIRE,FHIRIS,FIRE: HIGH RISE,9,4TH_ALARM_PLUS,,,CADDBM screenshots supplied 2026-09-30
FIRE,FHOSP,FIRE: HOSPITAL,9,4TH_ALARM_PLUS,,,CADDBM screenshots supplied 2026-09-30
FIRE,FHOU,FIRE: HOUSE,9,4TH_ALARM_PLUS,,,CADDBM screenshots supplied 2026-09-30
FIRE,FJAILF,FIRE: JAIL,9,4TH_ALARM_PLUS,,,CADDBM screenshots supplied 2026-09-30
FIRE,FMIDRIS,FIRE: MID RISE,9,4TH_ALARM_PLUS,,,CADDBM screenshots supplied 2026-09-30
FIRE,FNH,FIRE: NURSING HOME,9,4TH_ALARM_PLUS,,,CADDBM screenshots supplied 2026-09-30
FIRE,FTH,FIRE: TOWNHOUSE,9,4TH_ALARM_PLUS,,,CADDBM screenshots supplied 2026-09-30
FIRE,FBLDG,FIRE: BUILDING,10,4TH_ALARM_PLUS,,,CADDBM screenshots supplied 2026-09-30
FIRE,FBULK,FIRE: PETROLEUM BULK STORAGE,10,4TH_ALARM_PLUS,,,CADDBM screenshots supplied 2026-09-30
FIRE,FGAPT,FIRE - GARDEN APARTMENT,10,4TH_ALARM_PLUS,,,CADDBM screenshots supplied 2026-09-30
FIRE,FHIRIS,FIRE: HIGH RISE,10,4TH_ALARM_PLUS,,,CADDBM screenshots supplied 2026-09-30
FIRE,FHOSP,FIRE: HOSPITAL,10,4TH_ALARM_PLUS,,,CADDBM screenshots supplied 2026-09-30
FIRE,FHOU,FIRE: HOUSE,10,4TH_ALARM_PLUS,,,CADDBM screenshots supplied 2026-09-30
FIRE,FJAILF,FIRE: JAIL,10,4TH_ALARM_PLUS,,,CADDBM screenshots supplied 2026-09-30
FIRE,FMIDRIS,FIRE: MID RISE,10,4TH_ALARM_PLUS,,,CADDBM screenshots supplied 2026-09-30
FIRE,FNH,FIRE: NURSING HOME,10,4TH_ALARM_PLUS,,,CADDBM screenshots supplied 2026-09-30
FIRE,FTH,FIRE: TOWNHOUSE,10,4TH_ALARM_PLUS,,,CADDBM screenshots supplied 2026-09-30
