cad_station_id,jurisdiction,local_station_number,station_name,address,active,source_url,notes
401,"Fairfax County, VA",1,McLean,"1455 Laughlin Avenue, McLean, VA 22101",TRUE,https://www.fairfaxcounty.gov/fire-ems/node/206,
402,"Fairfax County, VA",2,Vienna,"400 Center Street SW, Vienna, VA 22180",TRUE,https://www.fairfaxcounty.gov/fire-ems/node/206,
403,"Fairfax City, VA",3,City of Fairfax Station 3,"4081 University Drive, Fairfax, VA 22030",TRUE,https://www.fairfaxva.gov/Fun-Facilities/Facilities/Facilities-Directory/Fire-Station-3,
404,"Fairfax County, VA",4,Herndon,"680 Spring Street, Herndon, VA 20170",TRUE,https://www.fairfaxcounty.gov/fire-ems/node/206,
405,"Fairfax County, VA",5,Franconia,"6300 Beulah Street, Alexandria, VA 22310",TRUE,https://www.fairfaxcounty.gov/fire-ems/node/206,
408,"Fairfax County, VA",8,Annandale,"7128 Columbia Pike, Annandale, VA 22003",TRUE,https://www.fairfaxcounty.gov/fire-ems/node/206,
409,"Fairfax County, VA",9,Mount Vernon,"2601 Sherwood Hall Lane, Alexandria, VA 22306",TRUE,https://www.fairfaxcounty.gov/fire-ems/node/206,
410,"Fairfax County, VA",10,Bailey's Crossroads,"3601 Firehouse Lane, Falls Church, VA 22041",TRUE,https://www.fairfaxcounty.gov/fire-ems/node/206,
411,"Fairfax County, VA",11,Penn Daw,"6624 Hulvey Terrace, Alexandria, VA 22306",TRUE,https://www.fairfaxcounty.gov/fire-ems/node/206,
412,"Fairfax County, VA",12,Great Falls,"9916 Georgetown Pike, Great Falls, VA 22066",TRUE,https://www.fairfaxcounty.gov/fire-ems/node/206,
413,"Fairfax County, VA",13,Dunn Loring,"2148 Gallows Road, Dunn Loring, VA 22027",TRUE,https://www.fairfaxcounty.gov/fire-ems/node/206,
414,"Fairfax County, VA",14,Burke,"9501 Old Burke Lake Road, Burke, VA 22015",TRUE,https://www.fairfaxcounty.gov/fire-ems/node/206,
415,"Fairfax County, VA",15,Chantilly,"14005 Vernon Street, Chantilly, VA 20151",TRUE,https://www.fairfaxcounty.gov/fire-ems/node/206,
416,"Fairfax County, VA",16,Clifton,"12645 Chapel Road, Clifton, VA 20124",TRUE,https://www.fairfaxcounty.gov/fire-ems/node/206,
417,"Fairfax County, VA",17,Centreville,"5856 Old Centreville Road, Centreville, VA 20121",TRUE,https://www.fairfaxcounty.gov/fire-ems/node/206,
418,"Fairfax County, VA",18,Jefferson,"3101 Hodge Place, Falls Church, VA 22042",TRUE,https://www.fairfaxcounty.gov/fire-ems/node/206,
419,"Fairfax County, VA",19,Lorton,"7701 Armistead Road, Lorton, VA 22079",TRUE,https://www.fairfaxcounty.gov/fire-ems/node/206,
420,"Fairfax County, VA",20,Gunston,"10417 Gunston Road, Lorton, VA 22079",TRUE,https://www.fairfaxcounty.gov/fire-ems/node/206,
421,"Fairfax County, VA",21,Fair Oaks,"12300 Route 50, Fairfax, VA 22033",TRUE,https://www.fairfaxcounty.gov/fire-ems/node/206,
422,"Fairfax County, VA",22,Springfield,"7011 Backlick Road, Springfield, VA 22150",TRUE,https://www.fairfaxcounty.gov/fire-ems/node/206,
423,"Fairfax County, VA",23,West Annandale,"8724 Little River Turnpike, Fairfax, VA 22031",TRUE,https://www.fairfaxcounty.gov/fire-ems/node/206,
424,"Fairfax County, VA",24,Woodlawn,"8701 Lukens Lane, Alexandria, VA 22309",TRUE,https://www.fairfaxcounty.gov/fire-ems/node/206,
425,"Fairfax County, VA",25,Reston,"1820 Wiehle Avenue, Reston, VA 20190",TRUE,https://www.fairfaxcounty.gov/fire-ems/node/206,
426,"Fairfax County, VA",26,Edsall Road,"5316 Carolina Place, Springfield, VA 22151",TRUE,https://www.fairfaxcounty.gov/fire-ems/node/206,
427,"Fairfax County, VA",27,West Springfield,"6140 Rolling Road, Springfield, VA 22152",TRUE,https://www.fairfaxcounty.gov/fire-ems/node/206,
428,"Fairfax County, VA",28,Fort Buffalo,"2949 Sleepy Hollow Road, Falls Church, VA 22044",TRUE,https://www.fairfaxcounty.gov/fire-ems/node/206,
429,"Fairfax County, VA",29,Tysons Corner,"1560 Spring Hill Road, McLean, VA 22102",TRUE,https://www.fairfaxcounty.gov/fire-ems/node/206,
430,"Fairfax County, VA",30,Merrifield,"8739 Route 29, Fairfax, VA 22031",TRUE,https://www.fairfaxcounty.gov/fire-ems/node/206,
431,"Fairfax County, VA",31,Fox Mill,"2610 Reston Parkway, Herndon, VA 20171",TRUE,https://www.fairfaxcounty.gov/fire-ems/node/206,
432,"Fairfax County, VA",32,Fairview (Temporary),"11112 Chapel Road, Fairfax Station, VA 22039",TRUE,https://www.fairfaxcounty.gov/fire-ems/node/206,
433,"Fairfax City, VA",33,City of Fairfax Station 33,"10101 Fairfax Boulevard, Fairfax, VA 22030",TRUE,https://www.fairfaxva.gov/Fun-Facilities/Facilities/Facilities-Directory/Fire-Station-33,
434,"Fairfax County, VA",34,Oakton,"10511 Rosehaven Street, Fairfax, VA 22030",TRUE,https://www.fairfaxcounty.gov/fire-ems/node/206,
435,"Fairfax County, VA",35,Pohick,"7801 Maritime Lane, Springfield, VA 22153",TRUE,https://www.fairfaxcounty.gov/fire-ems/node/206,
436,"Fairfax County, VA",36,Frying Pan,"2660 West Ox Road, Herndon, VA 20171",TRUE,https://www.fairfaxcounty.gov/fire-ems/node/206,
437,"Fairfax County, VA",37,Kingstowne,"7936 Telegraph Road, Alexandria, VA 22315",TRUE,https://www.fairfaxcounty.gov/fire-ems/node/206,
438,"Fairfax County, VA",38,West Centreville,"6001 O'Day Drive, Centreville, VA 20120",TRUE,https://www.fairfaxcounty.gov/fire-ems/node/206,
439,"Fairfax County, VA",39,North Point,"1117 Reston Avenue, Herndon, VA 20170",TRUE,https://www.fairfaxcounty.gov/fire-ems/node/206,
440,"Fairfax County, VA",40,Fairfax Center,"4621 Legato Road, Fairfax, VA 22030",TRUE,https://www.fairfaxcounty.gov/fire-ems/node/206,
441,"Fairfax County, VA",41,Crosspointe,"9610 Hampton Road, Fairfax Station, VA 22039",TRUE,https://www.fairfaxcounty.gov/fire-ems/node/206,
442,"Fairfax County, VA",42,Wolftrap,"1315 Beulah Road, Vienna, VA 22182",TRUE,https://www.fairfaxcounty.gov/fire-ems/node/206,
444,"Fairfax County, VA",44,Scotts Run,"1775 Old Meadow Lane, McLean, VA 22102",TRUE,https://www.fairfaxcounty.gov/fire-ems/node/206,
101,"Arlington County, VA",1,Glebe Road,"500 S Glebe Rd, Arlington, VA 22204",TRUE,https://www.arlingtonva.us/Government/Departments/Fire/Find-a-Fire-Station,
102,"Arlington County, VA",2,Ballston,"4805 Wilson Blvd, Arlington, VA 22203",TRUE,https://www.arlingtonva.us/Government/Departments/Fire/Find-a-Fire-Station,
103,"Arlington County, VA",3,Cherrydale,"4100 Old Dominion Drive, Arlington, VA 22207",TRUE,https://www.arlingtonva.us/Government/Departments/Fire/Find-a-Fire-Station,
104,"Arlington County, VA",4,Clarendon,"3121 N 10th St, Arlington, VA 22201",TRUE,https://www.arlingtonva.us/Government/Departments/Fire/Find-a-Fire-Station,
105,"Arlington County, VA",5,National Landing,"1750 S Hayes St, Arlington, VA 22202",TRUE,https://www.arlingtonva.us/Government/Departments/Fire/Find-a-Fire-Station,
106,"Arlington County, VA",6,Falls Church / NW Arlington,"6950 Little Falls Road, Arlington, VA 22213",TRUE,https://www.arlingtonva.us/Government/Departments/Fire/Find-a-Fire-Station,
107,"Arlington County, VA",7,Fairlington (Permanently Closed),,FALSE,https://www.arlingtonva.us/Government/Departments/Fire/Find-a-Fire-Station,Permanently closed
108,"Arlington County, VA",8,Langston Blvd,"4845 Langston Blvd, Arlington, VA 22207",TRUE,https://www.arlingtonva.us/Government/Departments/Fire/Find-a-Fire-Station,
109,"Arlington County, VA",9,Walter Reed,"1900 S Walter Reed Dr, Arlington, VA 22204",TRUE,https://www.arlingtonva.us/Government/Departments/Fire/Find-a-Fire-Station,
110,"Arlington County, VA",10,Rosslyn,"1791 N Quinn St, Arlington, VA 22209",TRUE,https://www.arlingtonva.us/Government/Departments/Fire/Find-a-Fire-Station,
201,"Alexandria City, VA",1,Old Town,"317 Prince St, Alexandria, VA 22314",TRUE,https://www.alexandriava.gov/Fire,
202,"Alexandria City, VA",2,Del Ray,"213 E Windsor Ave, Alexandria, VA 22301",TRUE,https://www.alexandriava.gov/Fire,
203,"Alexandria City, VA",3,Beverly Hills,"2801 Cameron Mills Rd, Alexandria, VA 22302",TRUE,https://www.alexandriava.gov/Fire,
204,"Alexandria City, VA",4,Station 204,"900 Second St, Alexandria, VA 22314",TRUE,https://www.alexandriava.gov/Fire,
205,"Alexandria City, VA",5,Rosemont,"1210 Cameron St, Alexandria, VA 22314",TRUE,https://www.alexandriava.gov/Fire,
206,"Alexandria City, VA",6,Station 206,"4609 Seminary Rd, Alexandria, VA 22304",TRUE,https://www.alexandriava.gov/Fire,
207,"Alexandria City, VA",7,Station 207,"3301 Duke St, Alexandria, VA 22314",TRUE,https://www.alexandriava.gov/Fire,
208,"Alexandria City, VA",8,Landmark,"175 N Paxton St, Alexandria, VA 22304",TRUE,https://www.alexandriava.gov/Fire,
209,"Alexandria City, VA",9,Potomac Yard,"2800 Main Line Blvd, Alexandria, VA 22301",TRUE,https://www.alexandriava.gov/Fire,
210,"Alexandria City, VA",10,Station 210,"5255 Eisenhower Ave, Alexandria, VA 22304",TRUE,https://www.alexandriava.gov/Fire,
301,Metropolitan Washington Airports Authority,301,MWAA Fire Station 301,"MWAA Fire Station 301, Ronald Reagan Washington National Airport, Arlington, VA",TRUE,https://www.mwaa.com/fire-stations,Station-specific geocoding query; MWAA public station page does not publish individual street addresses.
302,Metropolitan Washington Airports Authority,302,MWAA Fire Station 302,"MWAA Fire Station 302, Washington Dulles International Airport, Dulles, VA",TRUE,https://www.mwaa.com/fire-stations,Station-specific geocoding query; MWAA public station page does not publish individual street addresses.
303,Metropolitan Washington Airports Authority,303,MWAA Fire Station 303,"MWAA Fire Station 303, Washington Dulles International Airport, Dulles, VA",TRUE,https://www.mwaa.com/fire-stations,Station-specific geocoding query; MWAA public station page does not publish individual street addresses.
304,Metropolitan Washington Airports Authority,304,MWAA Fire Station 304,"MWAA Fire Station 304, Washington Dulles International Airport, Dulles, VA",TRUE,https://www.mwaa.com/fire-stations,Station-specific geocoding query; MWAA public station page does not publish individual street addresses.
601,"Loudoun County, VA",1,Leesburg - Loudoun Street,"215 Loudoun Street SW, Leesburg, VA 20175",TRUE,https://www.loudoun.gov/1973/Fire-Rescue-Companies-Stations,
602,"Loudoun County, VA",2,Purcellville,"500 N Maple Avenue, Purcellville, VA 20132",TRUE,https://www.loudoun.gov/1973/Fire-Rescue-Companies-Stations,
603,"Loudoun County, VA",3,Middleburg,"910 W Washington St, Middleburg, VA 20117",TRUE,https://www.loudoun.gov/1973/Fire-Rescue-Companies-Stations,
604,"Loudoun County, VA",4,Round Hill,"4 Main St, Round Hill, VA 20142",TRUE,https://www.loudoun.gov/1973/Fire-Rescue-Companies-Stations,
605,"Loudoun County, VA",5,Hamilton,"39077 E Colonial Hwy, Hamilton, VA 20158",TRUE,https://www.loudoun.gov/1973/Fire-Rescue-Companies-Stations,
606,"Loudoun County, VA",6,Ashburn,"43765 Ashburn Volunteer Plaza, Ashburn, VA 20147",TRUE,https://www.loudoun.gov/1973/Fire-Rescue-Companies-Stations,
607,"Loudoun County, VA",7,Aldie,"39855 Little River Turnpike, Aldie, VA 20105",TRUE,https://www.loudoun.gov/1973/Fire-Rescue-Companies-Stations,
608,"Loudoun County, VA",8,Philomont,"36560 Philomont Rd, Philomont, VA 20131",TRUE,https://www.loudoun.gov/1973/Fire-Rescue-Companies-Stations,
609,"Loudoun County, VA",9,Brambleton,"23675 Belmont Ridge Rd, Brambleton, VA 20148",TRUE,https://www.loudoun.gov/1973/Fire-Rescue-Companies-Stations,
610,"Loudoun County, VA",10,Lucketts,"42429 Lucketts Rd, Leesburg, VA 20176",TRUE,https://www.loudoun.gov/1973/Fire-Rescue-Companies-Stations,
611,"Loudoun County, VA",11,Sterling Park,"104 Commerce Street, Sterling, VA 20164",TRUE,https://www.loudoun.gov/1973/Fire-Rescue-Companies-Stations,
612,"Loudoun County, VA",12,Lovettsville,"12889 Berlin Turnpike, Lovettsville, VA 20180",TRUE,https://www.loudoun.gov/1973/Fire-Rescue-Companies-Stations,
613,"Loudoun County, VA",13,Loudoun Rescue,"143 Catoctin Cir SE, Leesburg, VA 20175",TRUE,https://www.loudoun.gov/1973/Fire-Rescue-Companies-Stations,
614,"Loudoun County, VA",14,Purcellville Rescue,"500 N Maple Avenue, Purcellville, VA 20132",TRUE,https://www.loudoun.gov/1973/Fire-Rescue-Companies-Stations,
615,"Loudoun County, VA",15,Sterling Park Rescue,"104 Commerce Street, Sterling, VA 20164",TRUE,https://www.loudoun.gov/1973/Fire-Rescue-Companies-Stations,
617,"Loudoun County, VA",17,Hamilton Rescue,"39071 E Colonial Hwy, Hamilton, VA 20158",TRUE,https://www.loudoun.gov/1973/Fire-Rescue-Companies-Stations,
618,"Loudoun County, VA",18,Sterling-Cascades,"46700 Middlefield Drive, Sterling, VA 20165",TRUE,https://www.loudoun.gov/1973/Fire-Rescue-Companies-Stations,
619,"Loudoun County, VA",19,Dulles South,"25216 Loudoun County Pkwy, Chantilly, VA 20152",TRUE,https://www.loudoun.gov/1973/Fire-Rescue-Companies-Stations,
620,"Loudoun County, VA",20,Leesburg - Plaza Street,"61 Plaza Street NE, Leesburg, VA 20176",TRUE,https://www.loudoun.gov/1973/Fire-Rescue-Companies-Stations,
622,"Loudoun County, VA",22,Lansdowne Public Safety Center,"19485 Sandridge Way, Leesburg, VA 20176",TRUE,https://www.loudoun.gov/1973/Fire-Rescue-Companies-Stations,
623,"Loudoun County, VA",23,Moorefield,"43495 Old Ryan Road, Ashburn, VA 20147",TRUE,https://www.loudoun.gov/1973/Fire-Rescue-Companies-Stations,
624,"Loudoun County, VA",24,Kincora Fire,"45900 Russell Branch Parkway, Sterling, VA 20166",TRUE,https://www.loudoun.gov/1973/Fire-Rescue-Companies-Stations,
625,"Loudoun County, VA",25,Sterling-Cascades Rescue,"46700 Middlefield Drive, Sterling, VA 20165",TRUE,https://www.loudoun.gov/1973/Fire-Rescue-Companies-Stations,
626,"Loudoun County, VA",26,Loudoun Heights,"13345 Harpers Ferry Road, Purcellville, VA 20132",TRUE,https://www.loudoun.gov/1973/Fire-Rescue-Companies-Stations,
627,"Loudoun County, VA",27,Kirkpatrick Farms,"41380 Gardenia Drive, Aldie, VA 20105",TRUE,https://www.loudoun.gov/1973/Fire-Rescue-Companies-Stations,
628,"Loudoun County, VA",28,Leesburg South,"Leesburg South Fire and Rescue Station, Evergreen Mills Road, Leesburg, VA",FALSE,https://www.loudoun.gov/1973/Fire-Rescue-Companies-Stations,Under construction on current Loudoun station list.
635,"Loudoun County, VA",35,Kincora Rescue,"45900 Russell Branch Parkway, Sterling, VA 20166",TRUE,https://www.loudoun.gov/1973/Fire-Rescue-Companies-Stations,
502,"Prince William County, VA",2,Occoquan-Woodbridge-Lorton,"1306 F St, Woodbridge, VA 22191",TRUE,https://www.pwcva.gov/department/fire-rescue/fire-stations,
503,"Prince William County, VA",3,Dumfries-Triangle,"18321 Jefferson Davis Hwy, Triangle, VA 22172",TRUE,https://www.pwcva.gov/department/fire-rescue/fire-stations,
504,"Prince William County, VA",4,Gainesville-Haymarket,"14450 John Marshall Hwy, Gainesville, VA 20155",TRUE,https://www.pwcva.gov/department/fire-rescue/fire-stations,
505,"Prince William County, VA",5,Nokesville,"12826 Marsteller Dr, Nokesville, VA 20182",TRUE,https://www.pwcva.gov/department/fire-rescue/fire-stations,
506,"Prince William County, VA",6,Mid-County,"13712 Dumfries Rd, Manassas, VA 20112",TRUE,https://www.pwcva.gov/department/fire-rescue/fire-stations,
507,"Prince William County, VA",7,Lake Jackson,"11310 Coles Dr, Manassas, VA 20112",TRUE,https://www.pwcva.gov/department/fire-rescue/fire-stations,
508,"Prince William County, VA",8,Yorkshire,"8277 Patton Ln, Manassas, VA 20111",TRUE,https://www.pwcva.gov/department/fire-rescue/fire-stations,
510,"Prince William County, VA",10,Dale City,"14975 Catalpa Ct, Woodbridge, VA 22193",TRUE,https://www.pwcva.gov/department/fire-rescue/fire-stations,
511,"Prince William County, VA",11,Stone House,"7814 Garner Dr, Manassas, VA 20109",TRUE,https://www.pwcva.gov/department/fire-rescue/fire-stations,
512,"Prince William County, VA",12,Occoquan-Woodbridge-Lorton,"2170 Montgomery Ave, Woodbridge, VA 22191",TRUE,https://www.pwcva.gov/department/fire-rescue/fire-stations,
513,"Prince William County, VA",13,Dale City,"13511 Hillendale Dr, Dale City, VA 22193",TRUE,https://www.pwcva.gov/department/fire-rescue/fire-stations,
514,"Prince William County, VA",14,Occoquan-Woodbridge-Lorton,"12400 Hedges Run Dr, Woodbridge, VA 22192",TRUE,https://www.pwcva.gov/department/fire-rescue/fire-stations,
515,"Prince William County, VA",15,Gainesville-Haymarket,"3510 James Madison Hwy, Haymarket, VA 20169",TRUE,https://www.pwcva.gov/department/fire-rescue/fire-stations,
516,"Prince William County, VA",16,Buckhall,"7190 Yates Ford Rd, Manassas, VA 20111",TRUE,https://www.pwcva.gov/department/fire-rescue/fire-stations,
517,"Prince William County, VA",17,Montclair,"15219 Holleyside Dr, Montclair, VA 22025",TRUE,https://www.pwcva.gov/department/fire-rescue/fire-stations,
518,"Prince William County, VA",18,Dale City,"5849 Dale Blvd, Dale City, VA 22193",TRUE,https://www.pwcva.gov/department/fire-rescue/fire-stations,
520,"Prince William County, VA",20,Dale City,"3171 Prince William Pkwy, Woodbridge, VA 22193",TRUE,https://www.pwcva.gov/department/fire-rescue/fire-stations,
522,"Prince William County, VA",22,Groveton,"7500 Century Park Drive, Manassas, VA 20109",TRUE,https://www.pwcva.gov/department/fire-rescue/fire-stations,
523,"Prince William County, VA",23,River Ridge,"16530 River Ridge Boulevard, Woodbridge, VA 22191",TRUE,https://www.pwcva.gov/department/fire-rescue/fire-stations,
524,"Prince William County, VA",24,Antioch,"5901 Antioch Rd, Haymarket, VA 20169",TRUE,https://www.pwcva.gov/department/fire-rescue/fire-stations,
525,"Prince William County, VA",25,Nokesville / Bristow,"9401 Devlins Grove Pl, Bristow, VA 20136",TRUE,https://www.pwcva.gov/department/fire-rescue/fire-stations,
526,"Prince William County, VA",26,Davis Ford,"5026 Davis Ford Rd, Woodbridge, VA 22192",TRUE,https://www.pwcva.gov/department/fire-rescue/fire-stations,
801,"Prince George's County, MD",1,Hyattsville,"6200 Belcrest Road, Hyattsville, MD 20781",TRUE,https://www.princegeorgescountymd.gov/departments-offices/fire-emergency-medical-services/resources/fireems-stations,
802,"Prince George's County, MD",2,Shady Glen,"100 Shady Glen Drive, Capitol Heights, MD 20743",TRUE,https://www.princegeorgescountymd.gov/departments-offices/fire-emergency-medical-services/resources/fireems-stations,
805,"Prince George's County, MD",5,Capitol Heights,"6061 Central Avenue, Capitol Heights, MD 20743",TRUE,https://www.princegeorgescountymd.gov/departments-offices/fire-emergency-medical-services/resources/fireems-stations,
806,"Prince George's County, MD",6,St. Joseph,"2901 St. Joseph Drive, Springdale, MD 20774",TRUE,https://www.princegeorgescountymd.gov/departments-offices/fire-emergency-medical-services/resources/fireems-stations,
807,"Prince George's County, MD",7,Riverdale,"4714 Queensbury Road, Riverdale, MD 20737",TRUE,https://www.princegeorgescountymd.gov/departments-offices/fire-emergency-medical-services/resources/fireems-stations,
809,"Prince George's County, MD",9,Bladensburg,"4213 Edmonston Road, Bladensburg, MD 20710",TRUE,https://www.princegeorgescountymd.gov/departments-offices/fire-emergency-medical-services/resources/fireems-stations,
810,"Prince George's County, MD",10,Laurel,"7411 Cherry Lane, Laurel, MD 20707",TRUE,https://www.princegeorgescountymd.gov/departments-offices/fire-emergency-medical-services/resources/fireems-stations,
811,"Prince George's County, MD",11,Branchville,"4905 Branchville Road, College Park, MD 20740",TRUE,https://www.princegeorgescountymd.gov/departments-offices/fire-emergency-medical-services/resources/fireems-stations,
812,"Prince George's County, MD",12,College Park,"8115 Baltimore Avenue, College Park, MD 20740",TRUE,https://www.princegeorgescountymd.gov/departments-offices/fire-emergency-medical-services/resources/fireems-stations,
813,"Prince George's County, MD",13,Riverdale Heights,"6101 Roanoke Avenue, College Park, MD 20740",TRUE,https://www.princegeorgescountymd.gov/departments-offices/fire-emergency-medical-services/resources/fireems-stations,
814,"Prince George's County, MD",14,Berwyn Heights,"8811 60th Avenue, Berwyn Heights, MD 20740",TRUE,https://www.princegeorgescountymd.gov/departments-offices/fire-emergency-medical-services/resources/fireems-stations,
816,"Prince George's County, MD",16,North View,"14901 Health Center Drive, Bowie, MD 20715",TRUE,https://www.princegeorgescountymd.gov/departments-offices/fire-emergency-medical-services/resources/fireems-stations,
817,"Prince George's County, MD",17,Boulevard Heights,"4101 Alton Street, Capitol Heights, MD 20743",TRUE,https://www.princegeorgescountymd.gov/departments-offices/fire-emergency-medical-services/resources/fireems-stations,
818,"Prince George's County, MD",18,Glenn Dale,"11900 Glenn Dale Boulevard, Glenn Dale, MD 20769",TRUE,https://www.princegeorgescountymd.gov/departments-offices/fire-emergency-medical-services/resources/fireems-stations,
819,"Prince George's County, MD",19,Bowie,"13008 9th Street, Bowie, MD 20715",TRUE,https://www.princegeorgescountymd.gov/departments-offices/fire-emergency-medical-services/resources/fireems-stations,
820,"Prince George's County, MD",20,Marlboro,"14815 Pratt Street, Upper Marlboro, MD 20772",TRUE,https://www.princegeorgescountymd.gov/departments-offices/fire-emergency-medical-services/resources/fireems-stations,
821,"Prince George's County, MD",21,Oxon Hill,"7600 Livingston Road, Oxon Hill, MD 20745",TRUE,https://www.princegeorgescountymd.gov/departments-offices/fire-emergency-medical-services/resources/fireems-stations,
823,"Prince George's County, MD",23,Forestville,"8321 Old Marlboro Park, Upper Marlboro, MD 20772",TRUE,https://www.princegeorgescountymd.gov/departments-offices/fire-emergency-medical-services/resources/fireems-stations,
824,"Prince George's County, MD",24,Accokeek,"16111 Livingston Road, Accokeek, MD 20607",TRUE,https://www.princegeorgescountymd.gov/departments-offices/fire-emergency-medical-services/resources/fireems-stations,
825,"Prince George's County, MD",25,Clinton,"9025 Woodyard Road, Clinton, MD 20735",TRUE,https://www.princegeorgescountymd.gov/departments-offices/fire-emergency-medical-services/resources/fireems-stations,
826,"Prince George's County, MD",26,District Heights,"5900 Marlboro Pike, District Heights, MD 20747",TRUE,https://www.princegeorgescountymd.gov/departments-offices/fire-emergency-medical-services/resources/fireems-stations,
827,"Prince George's County, MD",27,Morningside,"6200 Suitland Road, Morningside, MD 20746",TRUE,https://www.princegeorgescountymd.gov/departments-offices/fire-emergency-medical-services/resources/fireems-stations,
828,"Prince George's County, MD",28,West Lanham Hills,"7609 Annapolis Road, Hyattsville, MD 20781",TRUE,https://www.princegeorgescountymd.gov/departments-offices/fire-emergency-medical-services/resources/fireems-stations,
829,"Prince George's County, MD",29,Silver Hill,"3900 Old Silver Hill Road, Silver Hill, MD 20746",TRUE,https://www.princegeorgescountymd.gov/departments-offices/fire-emergency-medical-services/resources/fireems-stations,
830,"Prince George's County, MD",30,Landover Hills,"6801 Webster Street, Landover, MD 20785",TRUE,https://www.princegeorgescountymd.gov/departments-offices/fire-emergency-medical-services/resources/fireems-stations,
831,"Prince George's County, MD",31,Beltsville,"7911 Prince George's Avenue, Beltsville, MD 20704",TRUE,https://www.princegeorgescountymd.gov/departments-offices/fire-emergency-medical-services/resources/fireems-stations,
832,"Prince George's County, MD",32,Allentown Road,"8709 Allentown Road, Fort Washington, MD 20744",TRUE,https://www.princegeorgescountymd.gov/departments-offices/fire-emergency-medical-services/resources/fireems-stations,
833,"Prince George's County, MD",33,Kentland,"7701 Landover Road, Hyattsville, MD 20781",TRUE,https://www.princegeorgescountymd.gov/departments-offices/fire-emergency-medical-services/resources/fireems-stations,
834,"Prince George's County, MD",34,Chillum-Adelphi,"7833 Riggs Road, Langley Park, MD 20783",TRUE,https://www.princegeorgescountymd.gov/departments-offices/fire-emergency-medical-services/resources/fireems-stations,
835,"Prince George's County, MD",35,Greenbelt,"125 Crescent Road, Greenbelt, MD 20768",TRUE,https://www.princegeorgescountymd.gov/departments-offices/fire-emergency-medical-services/resources/fireems-stations,
836,"Prince George's County, MD",36,Baden,"16608 Brandywine Road, Brandywine, MD 20613",TRUE,https://www.princegeorgescountymd.gov/departments-offices/fire-emergency-medical-services/resources/fireems-stations,
837,"Prince George's County, MD",37,Ritchie,"1415 Ritchie-Marlboro Road, Capitol Heights, MD 20743",TRUE,https://www.princegeorgescountymd.gov/departments-offices/fire-emergency-medical-services/resources/fireems-stations,
838,"Prince George's County, MD",38,Chapel Oaks,"5544 Sheriff Road, Capitol Heights, MD 20743",TRUE,https://www.princegeorgescountymd.gov/departments-offices/fire-emergency-medical-services/resources/fireems-stations,
839,"Prince George's County, MD",39,Bowie,"15454 Annapolis Road, Bowie, MD 20715",TRUE,https://www.princegeorgescountymd.gov/departments-offices/fire-emergency-medical-services/resources/fireems-stations,
840,"Prince George's County, MD",40,Brandywine,"13809 Brandywine Road, Brandywine, MD 20613",TRUE,https://www.princegeorgescountymd.gov/departments-offices/fire-emergency-medical-services/resources/fireems-stations,
841,"Prince George's County, MD",41,Calverton,"3939 Powder Mill Road, Beltsville, MD 20704",TRUE,https://www.princegeorgescountymd.gov/departments-offices/fire-emergency-medical-services/resources/fireems-stations,
842,"Prince George's County, MD",42,Oxon Hill,"1100 Marcy Avenue, Oxon Hill, MD 20745",TRUE,https://www.princegeorgescountymd.gov/departments-offices/fire-emergency-medical-services/resources/fireems-stations,
843,"Prince George's County, MD",43,Bowie,"16498 Pointer Ridge Road, Bowie, MD 20715",TRUE,https://www.princegeorgescountymd.gov/departments-offices/fire-emergency-medical-services/resources/fireems-stations,
844,"Prince George's County, MD",44,Chillum,"6330 Riggs Road, Chillum, MD 20782",TRUE,https://www.princegeorgescountymd.gov/departments-offices/fire-emergency-medical-services/resources/fireems-stations,
845,"Prince George's County, MD",45,Croom,"7710 Croom Road, Upper Marlboro, MD 20772",TRUE,https://www.princegeorgescountymd.gov/departments-offices/fire-emergency-medical-services/resources/fireems-stations,
846,"Prince George's County, MD",46,Largo,"10400 Campus Way South, Largo, MD 20774",TRUE,https://www.princegeorgescountymd.gov/departments-offices/fire-emergency-medical-services/resources/fireems-stations,
847,"Prince George's County, MD",47,Fort Washington,"10900 Fort Washington Road, Fort Washington, MD 20744",TRUE,https://www.princegeorgescountymd.gov/departments-offices/fire-emergency-medical-services/resources/fireems-stations,
848,"Prince George's County, MD",48,West Lanham Hills,"8501 Good Luck Road, Lanham, MD 20706",TRUE,https://www.princegeorgescountymd.gov/departments-offices/fire-emergency-medical-services/resources/fireems-stations,
849,"Prince George's County, MD",49,Laurel Volunteer Rescue Squad,"14910 Bowie Road, Laurel, MD 20707",TRUE,https://www.princegeorgescountymd.gov/departments-offices/fire-emergency-medical-services/resources/fireems-stations,
855,"Prince George's County, MD",55,Brentwood,"3716 Rhode Island Avenue, Brentwood, MD 20722",TRUE,https://www.princegeorgescountymd.gov/departments-offices/fire-emergency-medical-services/resources/fireems-stations,
856,"Prince George's County, MD",56,Volunteer Marine Rescue,"16608 Brandywine Road, Brandywine, MD 20613",TRUE,https://www.princegeorgescountymd.gov/departments-offices/fire-emergency-medical-services/resources/fireems-stations,
857,"Prince George's County, MD",57,Volunteer Water & Dive Rescue,"13600 King Charles Terrace, Fort Washington, MD 20744",TRUE,https://www.princegeorgescountymd.gov/departments-offices/fire-emergency-medical-services/resources/fireems-stations,
701,"Montgomery County, MD",1,Silver Spring,"8110 Georgia Ave, Silver Spring, MD 20910",TRUE,https://www.montgomerycountymd.gov/montgomery-county-fire-rescue-service/connect-mcfrs/facilities-stations,
702,"Montgomery County, MD",2,Takoma Park,"7201 Carroll Ave, Takoma Park, MD 20912",TRUE,https://www.montgomerycountymd.gov/montgomery-county-fire-rescue-service/connect-mcfrs/facilities-stations,
703,"Montgomery County, MD",3,Rockville,"380 Hungerford Dr, Rockville, MD 20850",TRUE,https://www.montgomerycountymd.gov/montgomery-county-fire-rescue-service/connect-mcfrs/facilities-stations,
704,"Montgomery County, MD",4,Sandy Spring,"17921 Brooke Road, Sandy Spring, MD 20860",TRUE,https://www.montgomerycountymd.gov/montgomery-county-fire-rescue-service/connect-mcfrs/facilities-stations,
705,"Montgomery County, MD",5,Kensington,"10620 Connecticut Ave, Kensington, MD 20895",TRUE,https://www.montgomerycountymd.gov/montgomery-county-fire-rescue-service/connect-mcfrs/facilities-stations,
706,"Montgomery County, MD",6,Bethesda,"6600 Wisconsin Ave, Bethesda, MD 20815",TRUE,https://www.montgomerycountymd.gov/montgomery-county-fire-rescue-service/connect-mcfrs/facilities-stations,
707,"Montgomery County, MD",7,Chevy Chase,"8001 Connecticut Ave, Chevy Chase, MD 20815",TRUE,https://www.montgomerycountymd.gov/montgomery-county-fire-rescue-service/connect-mcfrs/facilities-stations,
708,"Montgomery County, MD",8,Gaithersburg,"801 Russell Ave, Gaithersburg, MD 20879",TRUE,https://www.montgomerycountymd.gov/montgomery-county-fire-rescue-service/connect-mcfrs/facilities-stations,
709,"Montgomery County, MD",9,Hyattstown,"25801 Frederick Rd, Clarksburg, MD 20871",TRUE,https://www.montgomerycountymd.gov/montgomery-county-fire-rescue-service/connect-mcfrs/facilities-stations,
710,"Montgomery County, MD",10,Cabin John Park,"8001 River Rd, Bethesda, MD 20817",TRUE,https://www.montgomerycountymd.gov/montgomery-county-fire-rescue-service/connect-mcfrs/facilities-stations,
711,"Montgomery County, MD",11,Glen Echo,"5920 Massachusetts Ave, Bethesda, MD 20816",TRUE,https://www.montgomerycountymd.gov/montgomery-county-fire-rescue-service/connect-mcfrs/facilities-stations,
712,"Montgomery County, MD",12,Hillandale,"10617 New Hampshire Ave, Silver Spring, MD 20903",TRUE,https://www.montgomerycountymd.gov/montgomery-county-fire-rescue-service/connect-mcfrs/facilities-stations,
713,"Montgomery County, MD",13,Damascus,"26334 Ridge Rd, Damascus, MD 20872",TRUE,https://www.montgomerycountymd.gov/montgomery-county-fire-rescue-service/connect-mcfrs/facilities-stations,
714,"Montgomery County, MD",14,Upper Montgomery / Beallsville,"19801 Beallsville Rd, Beallsville, MD 20839",TRUE,https://www.montgomerycountymd.gov/montgomery-county-fire-rescue-service/connect-mcfrs/facilities-stations,
715,"Montgomery County, MD",15,Burtonsville,"13900 Old Columbia Pike, Burtonsville, MD 20904",TRUE,https://www.montgomerycountymd.gov/montgomery-county-fire-rescue-service/connect-mcfrs/facilities-stations,
716,"Montgomery County, MD",16,Silver Spring,"111 University Blvd East, Silver Spring, MD 20901",TRUE,https://www.montgomerycountymd.gov/montgomery-county-fire-rescue-service/connect-mcfrs/facilities-stations,
717,"Montgomery County, MD",17,Laytonsville,"21400 Laytonsville Rd, Laytonsville, MD 20882",TRUE,https://www.montgomerycountymd.gov/montgomery-county-fire-rescue-service/connect-mcfrs/facilities-stations,
718,"Montgomery County, MD",18,Kensington / Wheaton,"12210 Georgia Ave, Silver Spring, MD 20902",TRUE,https://www.montgomerycountymd.gov/montgomery-county-fire-rescue-service/connect-mcfrs/facilities-stations,
719,"Montgomery County, MD",19,Silver Spring,"1945 Seminary Rd, Silver Spring, MD 20910",TRUE,https://www.montgomerycountymd.gov/montgomery-county-fire-rescue-service/connect-mcfrs/facilities-stations,
720,"Montgomery County, MD",20,Bethesda,"9041 Old Georgetown Rd, Bethesda, MD 20814",TRUE,https://www.montgomerycountymd.gov/montgomery-county-fire-rescue-service/connect-mcfrs/facilities-stations,
721,"Montgomery County, MD",21,Kensington / Rockville,"12500 Veirs Mill Rd, Rockville, MD 20853",TRUE,https://www.montgomerycountymd.gov/montgomery-county-fire-rescue-service/connect-mcfrs/facilities-stations,
722,"Montgomery County, MD",22,Kingsview,"18910 Germantown Road, Germantown, MD 20874",TRUE,https://www.montgomerycountymd.gov/montgomery-county-fire-rescue-service/connect-mcfrs/facilities-stations,
723,"Montgomery County, MD",23,Rockville,"121 Rollins Ave, Rockville, MD 20852",TRUE,https://www.montgomerycountymd.gov/montgomery-county-fire-rescue-service/connect-mcfrs/facilities-stations,
724,"Montgomery County, MD",24,Hillandale,"13216 New Hampshire Ave, Silver Spring, MD 20904",TRUE,https://www.montgomerycountymd.gov/montgomery-county-fire-rescue-service/connect-mcfrs/facilities-stations,
725,"Montgomery County, MD",25,Kensington / Layhill,"14401 Connecticut Ave, Silver Spring, MD 20906",TRUE,https://www.montgomerycountymd.gov/montgomery-county-fire-rescue-service/connect-mcfrs/facilities-stations,
726,"Montgomery County, MD",26,Bethesda,"6700 Democracy Blvd, Bethesda, MD 20817",TRUE,https://www.montgomerycountymd.gov/montgomery-county-fire-rescue-service/connect-mcfrs/facilities-stations,
728,"Montgomery County, MD",28,Gaithersburg-Washington Grove,"7272 Muncaster Mill Rd, Derwood, MD 20855",TRUE,https://www.montgomerycountymd.gov/montgomery-county-fire-rescue-service/connect-mcfrs/facilities-stations,
729,"Montgomery County, MD",29,Germantown,"20001 Crystal Rock Dr, Germantown, MD 20874",TRUE,https://www.montgomerycountymd.gov/montgomery-county-fire-rescue-service/connect-mcfrs/facilities-stations,
730,"Montgomery County, MD",30,Cabin John Park / Potomac,"9404 Falls Rd, Potomac, MD 20854",TRUE,https://www.montgomerycountymd.gov/montgomery-county-fire-rescue-service/connect-mcfrs/facilities-stations,
731,"Montgomery County, MD",31,Rockville / North Potomac,"12100 Darnestown Rd, North Potomac, MD 20878",TRUE,https://www.montgomerycountymd.gov/montgomery-county-fire-rescue-service/connect-mcfrs/facilities-stations,
732,"Montgomery County, MD",32,Travilah,"9615 Darnestown Rd, Rockville, MD 20850",TRUE,https://www.montgomerycountymd.gov/montgomery-county-fire-rescue-service/connect-mcfrs/facilities-stations,
733,"Montgomery County, MD",33,Rockville / Potomac,"11430 Falls Rd, Potomac, MD 20854",TRUE,https://www.montgomerycountymd.gov/montgomery-county-fire-rescue-service/connect-mcfrs/facilities-stations,
734,"Montgomery County, MD",34,Milestone,"20633 Boland Farm Road, Germantown, MD 20876",TRUE,https://www.montgomerycountymd.gov/montgomery-county-fire-rescue-service/connect-mcfrs/facilities-stations,
735,"Montgomery County, MD",35,Clarksburg,"23420 Frederick Road, Clarksburg, MD 20871",TRUE,https://www.montgomerycountymd.gov/montgomery-county-fire-rescue-service/connect-mcfrs/facilities-stations,
740,"Montgomery County, MD",40,Olney,"16911 Georgia Ave, Olney, MD 20832",TRUE,https://www.montgomerycountymd.gov/montgomery-county-fire-rescue-service/connect-mcfrs/facilities-stations,
741,"Montgomery County, MD",Rescue 1,Bethesda-Chevy Chase Rescue Squad,"5020 Battery Ln, Bethesda, MD 20814",TRUE,https://www.montgomerycountymd.gov/montgomery-county-fire-rescue-service/connect-mcfrs/facilities-stations,
742,"Montgomery County, MD",Rescue 2,Wheaton Volunteer Rescue Squad,"2400 Arcola Ave, Wheaton, MD 20902",TRUE,https://www.montgomerycountymd.gov/montgomery-county-fire-rescue-service/connect-mcfrs/facilities-stations,
